"year","tournaments","sec","date","kickoff","home","score","away","venue","att","broadcast"
"2023","ＦＵＪＩＦＩＬＭ　ＳＵＰＥＲ　ＣＵＰ","","02/11(土・祝)","13:35","横浜FM","2-1","甲府","国立","50,923","日本テレビ系全国ネットにて生中継／ＴＶｅｒ（生配信）"
"2023","Ｊ１","第１節第１日","02/17(金)","19:04","川崎Ｆ","1-2","横浜FM","等々力","22,563","ＤＡＺＮ"
"2023","Ｊ１","第１節第２日","02/18(土)","14:03","横浜FC","0-1","名古屋","ニッパツ","11,186","ＤＡＺＮ／ＮＨＫ名古屋"
"2023","Ｊ１","第１節第２日","02/18(土)","14:03","京都","0-2","鹿島","サンガＳ","15,988","ＤＡＺＮ／ＮＨＫ京都／ＫＢＳ京都（録）"
"2023","Ｊ１","第１節第２日","02/18(土)","14:03","広島","0-0","札幌","Ｅスタ","13,121","ＤＡＺＮ／ＮＨＫ広島"
"2023","Ｊ１","第１節第２日","02/18(土)","14:03","FC東京","2-0","浦和","味スタ","38,051","ＤＡＺＮ／ＮＨＫ総合"
"2023","Ｊ１","第１節第２日","02/18(土)","14:03","神戸","1-0","福岡","ノエスタ","18,981","ＤＡＺＮ／ＮＨＫ福岡"
"2023","Ｊ１","第１節第２日","02/18(土)","14:03","Ｃ大阪","2-2","新潟","ヨドコウ","17,928","ＤＡＺＮ／ＮＨＫ新潟"
"2023","Ｊ１","第１節第２日","02/18(土)","15:03","柏","2-2","Ｇ大阪","三協Ｆ柏","12,334","ＤＡＺＮ"
"2023","Ｊ１","第１節第２日","02/18(土)","15:04","鳥栖","1-5","湘南","駅スタ","9,663","ＤＡＺＮ／サガテレビ"
"2023","Ｊ２","第１節第１日","02/18(土)","13:09","甲府","1-2","山形","ＪＩＴス","9,573","ＤＡＺＮ／ＮＨＫ甲府／ＮＨＫ山形"
"2023","Ｊ２","第１節第１日","02/18(土)","14:03","清水","0-0","水戸","アイスタ","14,324","ＤＡＺＮ／テレビ静岡"
"2023","Ｊ２","第１節第１日","02/18(土)","14:03","長崎","0-1","千葉","トラスタ","11,165","ＤＡＺＮ／長崎国際テレビ"
"2023","Ｊ２","第１節第１日","02/18(土)","14:03","群馬","0-0","秋田","正田スタ","3,374","ＤＡＺＮ／群馬テレビ"
"2023","Ｊ２","第１節第１日","02/18(土)","14:04","いわき","2-3","藤枝","いわきＧ","4,318","ＤＡＺＮ／ＮＨＫ福島"
"2023","Ｊ２","第１節第１日","02/18(土)","14:04","磐田","2-3","岡山","ヤマハ","10,737","ＤＡＺＮ"
"2023","Ｊ２","第１節第１日","02/18(土)","14:05","山口","1-0","大宮","みらスタ","4,596","ＤＡＺＮ／ＮＨＫ山口"
"2023","Ｊ２","第１節第２日","02/19(日)","14:03","徳島","1-2","大分","鳴門大塚","12,070","ＤＡＺＮ／ＮＨＫ徳島／ＮＨＫ大分"
"2023","Ｊ２","第１節第２日","02/19(日)","14:03","東京Ｖ","1-0","金沢","味スタ","6,597","ＤＡＺＮ"
"2023","Ｊ２","第１節第２日","02/19(日)","14:03","町田","0-0","仙台","Ｇスタ","8,055","ＤＡＺＮ"
"2023","Ｊ２","第１節第２日","02/19(日)","16:03","栃木","1-1","熊本","カンセキ","6,882","ＤＡＺＮ／とちぎテレビ"
"2023","Ｊ１","第２節第１日","02/24(金)","19:00","湘南","vs","横浜FC","レモンＳ"," ","ＤＡＺＮ"
"2023","Ｊ１","第２節第２日","02/25(土)","14:00","横浜FM","vs","浦和","日産ス"," ","ＤＡＺＮ／ＮＨＫ　ＢＳ１"
"2023","Ｊ１","第２節第２日","02/25(土)","15:00","札幌","vs","神戸","札幌ド"," ","ＤＡＺＮ／ＮＨＫ札幌"
"2023","Ｊ１","第２節第２日","02/25(土)","15:00","Ｇ大阪","vs","鳥栖","パナスタ"," ","ＤＡＺＮ"
"2023","Ｊ１","第２節第２日","02/25(土)","15:00","福岡","vs","Ｃ大阪","ベススタ"," ","ＤＡＺＮ"
"2023","Ｊ１","第２節第２日","02/25(土)","16:00","鹿島","vs","川崎Ｆ","カシマ"," ","ＤＡＺＮ"
"2023","Ｊ１","第２節第２日","02/25(土)","16:00","名古屋","vs","京都","豊田ス"," ","ＤＡＺＮ／中京テレビ（録）"
"2023","Ｊ２","第２節第１日","02/25(土)","13:00","甲府","vs","徳島","ＪＩＴス"," ","ＤＡＺＮ／山梨放送"
"2023","Ｊ２","第２節第１日","02/25(土)","14:00","大宮","vs","金沢","ＮＡＣＫ"," ","ＤＡＺＮ／テレ玉"
"2023","Ｊ２","第２節第１日","02/25(土)","14:00","千葉","vs","山形","フクアリ"," ","ＤＡＺＮ"
"2023","Ｊ２","第２節第１日","02/25(土)","14:00","藤枝","vs","長崎","藤枝サ"," ","ＤＡＺＮ"
"2023","Ｊ１","第２節第３日","02/26(日)","14:00","広島","vs","新潟","Ｅスタ"," ","ＤＡＺＮ／広島テレビ放送"
"2023","Ｊ１","第２節第３日","02/26(日)","15:00","柏","vs","FC東京","三協Ｆ柏"," ","ＤＡＺＮ"
"2023","Ｊ２","第２節第２日","02/26(日)","13:00","岡山","vs","清水","Ｃスタ"," ","ＤＡＺＮ／ＮＨＫ岡山"
"2023","Ｊ２","第２節第２日","02/26(日)","13:00","熊本","vs","秋田","えがおＳ"," ","ＤＡＺＮ"
"2023","Ｊ２","第２節第２日","02/26(日)","13:05","仙台","vs","栃木","ユアスタ"," ","ＤＡＺＮ／ＮＨＫ仙台"
"2023","Ｊ２","第２節第２日","02/26(日)","13:10","大分","vs","東京Ｖ","レゾド"," ","ＤＡＺＮ／ＮＨＫ大分"
"2023","Ｊ２","第２節第２日","02/26(日)","13:15","山口","vs","磐田","みらスタ"," ","ＤＡＺＮ／山口放送"
"2023","Ｊ２","第２節第２日","02/26(日)","14:00","町田","vs","群馬","Ｇスタ"," ","ＤＡＺＮ"
"2023","Ｊ２","第２節第２日","02/26(日)","15:00","水戸","vs","いわき","Ｋｓスタ"," ","ＤＡＺＮ"
"2023","Ｊ１","第３節第１日","03/03(金)","19:00","横浜FM","vs","広島","ニッパツ"," ","ＤＡＺＮ"
"2023","Ｊ１","第３節第２日","03/04(土)","13:00","川崎Ｆ","vs","湘南","等々力"," ","ＤＡＺＮ／ＮＨＫ　ＢＳ１"
"2023","Ｊ１","第３節第２日","03/04(土)","14:00","横浜FC","vs","鹿島","ニッパツ"," ","ＤＡＺＮ"
"2023","Ｊ１","第３節第２日","03/04(土)","14:00","新潟","vs","札幌","デンカＳ"," ","ＤＡＺＮ／ＮＨＫ新潟"
"2023","Ｊ１","第３節第２日","03/04(土)","14:00","京都","vs","FC東京","サンガＳ"," ","ＤＡＺＮ／ＫＢＳ京都（録）"
"2023","Ｊ１","第３節第２日","03/04(土)","14:00","神戸","vs","Ｇ大阪","ノエスタ"," ","ＤＡＺＮ"
"2023","Ｊ１","第３節第２日","03/04(土)","15:00","浦和","vs","Ｃ大阪","浦和駒場"," ","ＤＡＺＮ／テレ玉"
"2023","Ｊ１","第３節第２日","03/04(土)","15:00","福岡","vs","柏","ベススタ"," ","ＤＡＺＮ"
"2023","Ｊ１","第３節第２日","03/04(土)","15:00","鳥栖","vs","名古屋","駅スタ"," ","ＤＡＺＮ"
"2023","Ｊ２","第３節第１日","03/04(土)","14:00","磐田","vs","山形","ヤマハ"," ","ＤＡＺＮ"
"2023","Ｊ２","第３節第１日","03/04(土)","14:00","藤枝","vs","秋田","藤枝サ"," ","ＤＡＺＮ"
"2023","Ｊ２","第３節第１日","03/04(土)","14:00","徳島","vs","仙台","鳴門大塚"," ","ＤＡＺＮ／四国放送"
"2023","Ｊ２","第３節第１日","03/04(土)","14:00","長崎","vs","清水","トラスタ"," ","ＤＡＺＮ"
"2023","Ｊ３","第１節第１日","03/04(土)","14:00","相模原","vs","鳥取","ギオンス"," ","ＤＡＺＮ／ＮＨＫ鳥取"
"2023","Ｊ３","第１節第１日","03/04(土)","15:00","鹿児島","vs","FC大阪","白波スタ"," ","ＤＡＺＮ"
"2023","Ｊ３","第１節第１日","03/04(土)","15:00","琉球","vs","八戸","タピスタ"," ","ＤＡＺＮ／ＮＨＫ沖縄"
"2023","Ｊ２","第３節第２日","03/05(日)","13:00","いわき","vs","山口","いわきＧ"," ","ＤＡＺＮ／福島中央テレビ"
"2023","Ｊ２","第３節第２日","03/05(日)","13:00","熊本","vs","大宮","えがおＳ"," ","ＤＡＺＮ"
"2023","Ｊ２","第３節第２日","03/05(日)","14:00","千葉","vs","群馬","フクアリ"," ","ＤＡＺＮ"
"2023","Ｊ２","第３節第２日","03/05(日)","14:00","東京Ｖ","vs","甲府","味スタ"," ","ＤＡＺＮ"
"2023","Ｊ２","第３節第２日","03/05(日)","14:00","金沢","vs","町田","石川西部"," ","ＤＡＺＮ"
"2023","Ｊ２","第３節第２日","03/05(日)","14:00","大分","vs","栃木","レゾド"," ","ＤＡＺＮ"
"2023","Ｊ２","第３節第２日","03/05(日)","15:00","水戸","vs","岡山","Ｋｓスタ"," ","ＤＡＺＮ"
"2023","Ｊ３","第１節第２日","03/05(日)","13:00","YS横浜","vs","富山","ニッパツ"," ","ＤＡＺＮ"
"2023","Ｊ３","第１節第２日","03/05(日)","13:00","奈良","vs","松本","ロートＦ"," ","ＤＡＺＮ／奈良テレビ放送"
"2023","Ｊ３","第１節第２日","03/05(日)","13:00","今治","vs","福島","里山Ｓ"," ","ＤＡＺＮ／ＮＨＫ松山／愛媛朝日テレビ（録）"
"2023","Ｊ３","第１節第２日","03/05(日)","13:00","宮崎","vs","長野","ユニスタ"," ","ＤＡＺＮ／テレビ宮崎（録）"
"2023","Ｊ３","第１節第２日","03/05(日)","14:00","讃岐","vs","沼津","ピカスタ"," ","ＤＡＺＮ"
"2023","Ｊ３","第１節第２日","03/05(日)","14:00","北九州","vs","岐阜","ミクスタ"," ","ＤＡＺＮ"
"2023","Ｊ３","第１節第２日","03/05(日)","15:00","愛媛","vs","岩手","ニンスタ"," ","ＤＡＺＮ／南海放送（録）"
"2023","ＹＬＣ グループステージＡグループ","第１節第１日","03/08(水)","19:00","横浜FM","vs","磐田","ニッパツ"," ","ＴＶ放送：スカパー！／インターネット配信：ＳＰＯＯＸ"
"2023","ＹＬＣ グループステージＡグループ","第１節第１日","03/08(水)","19:00","鳥栖","vs","札幌","駅スタ"," ","ＴＶ放送：スカパー！／インターネット配信：ＳＰＯＯＸ"
"2023","ＹＬＣ グループステージＢグループ","第１節第１日","03/08(水)","19:00","湘南","vs","浦和","レモンＳ"," ","ＴＶ放送：フジテレビＯＮＥ／インターネット配信：ＦＯＤ／ＳＰＯＯＸ"
"2023","ＹＬＣ グループステージＢグループ","第１節第１日","03/08(水)","19:00","清水","vs","川崎Ｆ","アイスタ"," ","ＴＶ放送：スカパー！／インターネット配信：ＳＰＯＯＸ"
"2023","ＹＬＣ グループステージＣグループ","第１節第１日","03/08(水)","19:00","神戸","vs","名古屋","ノエスタ"," ","ＴＶ放送：スカパー！／インターネット配信：ＳＰＯＯＸ"
"2023","ＹＬＣ グループステージＣグループ","第１節第１日","03/08(水)","19:00","広島","vs","横浜FC","Ｅスタ"," ","ＴＶ放送：スカパー！／インターネット配信：ＳＰＯＯＸ"
"2023","ＹＬＣ グループステージＤグループ","第１節第１日","03/08(水)","19:00","柏","vs","鹿島","三協Ｆ柏"," ","ＴＶ放送：スカパー！／インターネット配信：ＳＰＯＯＸ"
"2023","ＹＬＣ グループステージＤグループ","第１節第１日","03/08(水)","19:00","福岡","vs","新潟","ベススタ"," ","ＴＶ放送：スカパー！／インターネット配信：ＳＰＯＯＸ"
"2023","ＹＬＣ グループステージＥグループ","第１節第１日","03/08(水)","19:00","京都","vs","Ｇ大阪","サンガＳ"," ","ＴＶ放送：スカパー！／インターネット配信：ＳＰＯＯＸ"
"2023","ＹＬＣ グループステージＥグループ","第１節第１日","03/08(水)","19:00","Ｃ大阪","vs","FC東京","ヨドコウ"," ","ＴＶ放送：フジテレビＮＥＸＴ／インターネット配信：ＦＯＤ／ＳＰＯＯＸ"
"2023","Ｊ１","第４節第１日","03/11(土)","14:00","新潟","vs","川崎Ｆ","デンカＳ"," ","ＤＡＺＮ／ＮＨＫ　ＢＳ１／新潟総合テレビ"
"2023","Ｊ１","第４節第１日","03/11(土)","14:00","神戸","vs","浦和","ノエスタ"," ","ＤＡＺＮ"
"2023","Ｊ２","第４節第１日","03/11(土)","13:00","甲府","vs","藤枝","ＪＩＴス"," ","ＤＡＺＮ"
"2023","Ｊ２","第４節第１日","03/11(土)","14:00","大宮","vs","磐田","ＮＡＣＫ"," ","ＤＡＺＮ"
"2023","Ｊ２","第４節第１日","03/11(土)","14:00","山口","vs","熊本","みらスタ"," ","ＤＡＺＮ"
"2023","Ｊ３","第２節第１日","03/11(土)","13:00","YS横浜","vs","鳥取","ニッパツ"," ","ＤＡＺＮ"
"2023","Ｊ３","第２節第１日","03/11(土)","15:00","鹿児島","vs","今治","白波スタ"," ","ＤＡＺＮ"
"2023","Ｊ３","第２節第１日","03/11(土)","17:00","琉球","vs","岩手","タピスタ"," ","ＤＡＺＮ"
"2023","Ｊ１","第４節第２日","03/12(日)","14:00","Ｃ大阪","vs","鳥栖","ヨドコウ"," ","ＤＡＺＮ"
"2023","Ｊ１","第４節第２日","03/12(日)","15:00","札幌","vs","横浜FM","札幌ド"," ","ＤＡＺＮ／札幌テレビ"
"2023","Ｊ１","第４節第２日","03/12(日)","15:00","鹿島","vs","福岡","カシマ"," ","ＤＡＺＮ"
"2023","Ｊ１","第４節第２日","03/12(日)","15:00","柏","vs","名古屋","三協Ｆ柏"," ","ＤＡＺＮ"
"2023","Ｊ１","第４節第２日","03/12(日)","15:00","FC東京","vs","横浜FC","味スタ"," ","ＤＡＺＮ"
"2023","Ｊ１","第４節第２日","03/12(日)","15:00","湘南","vs","京都","レモンＳ"," ","ＤＡＺＮ"
"2023","Ｊ１","第４節第２日","03/12(日)","16:00","Ｇ大阪","vs","広島","パナスタ"," ","ＤＡＺＮ"
"2023","Ｊ２","第４節第２日","03/12(日)","14:00","仙台","vs","いわき","ユアスタ"," ","ＤＡＺＮ／ＮＨＫ　ＢＳ１"
"2023","Ｊ２","第４節第２日","03/12(日)","14:00","秋田","vs","千葉","ソユスタ"," ","ＤＡＺＮ／秋田放送"
"2023","Ｊ２","第４節第２日","03/12(日)","14:00","栃木","vs","長崎","カンセキ"," ","ＤＡＺＮ／とちぎテレビ"
"2023","Ｊ２","第４節第２日","03/12(日)","14:00","町田","vs","水戸","Ｇスタ"," ","ＤＡＺＮ"
"2023","Ｊ２","第４節第２日","03/12(日)","14:00","清水","vs","大分","アイスタ"," ","ＤＡＺＮ"
"2023","Ｊ２","第４節第２日","03/12(日)","14:00","岡山","vs","金沢","Ｃスタ"," ","ＤＡＺＮ"
"2023","Ｊ２","第４節第２日","03/12(日)","14:00","徳島","vs","東京Ｖ","鳴門大塚"," ","ＤＡＺＮ"
"2023","Ｊ２","第４節第２日","03/12(日)","17:00","群馬","vs","山形","正田スタ"," ","ＤＡＺＮ"
"2023","Ｊ３","第２節第２日","03/12(日)","13:00","奈良","vs","八戸","ロートＦ"," ","ＤＡＺＮ"
"2023","Ｊ３","第２節第２日","03/12(日)","13:00","宮崎","vs","FC大阪","ユニスタ"," ","ＤＡＺＮ"
"2023","Ｊ３","第２節第２日","03/12(日)","14:00","沼津","vs","富山","愛鷹"," ","ＤＡＺＮ"
"2023","Ｊ３","第２節第２日","03/12(日)","14:00","岐阜","vs","松本","長良川"," ","ＤＡＺＮ／岐阜放送（録）"
"2023","Ｊ３","第２節第２日","03/12(日)","14:00","北九州","vs","讃岐","ミクスタ"," ","ＤＡＺＮ"
"2023","Ｊ３","第２節第２日","03/12(日)","15:00","相模原","vs","福島","ニッパツ"," ","ＤＡＺＮ"
"2023","Ｊ３","第２節第２日","03/12(日)","15:00","愛媛","vs","長野","ニンスタ"," ","ＤＡＺＮ／南海放送（録）"
"2023","Ｊ１","第５節第１日","03/18(土)","14:00","横浜FM","vs","鹿島","日産ス"," ","ＤＡＺＮ"
"2023","Ｊ１","第５節第１日","03/18(土)","14:00","横浜FC","vs","京都","ニッパツ"," ","ＤＡＺＮ"
"2023","Ｊ１","第５節第１日","03/18(土)","14:00","名古屋","vs","FC東京","豊田ス"," ","ＤＡＺＮ／ＮＨＫ　ＢＳ１"
"2023","Ｊ１","第５節第１日","03/18(土)","15:00","浦和","vs","新潟","浦和駒場"," ","ＤＡＺＮ"
"2023","Ｊ１","第５節第１日","03/18(土)","15:00","Ｇ大阪","vs","札幌","パナスタ"," ","ＤＡＺＮ"
"2023","Ｊ１","第５節第１日","03/18(土)","15:00","鳥栖","vs","神戸","駅スタ"," ","ＤＡＺＮ"
"2023","Ｊ１","第５節第１日","03/18(土)","16:00","川崎Ｆ","vs","Ｃ大阪","等々力"," ","ＤＡＺＮ"
"2023","Ｊ２","第５節第１日","03/18(土)","14:00","磐田","vs","清水","エコパ"," ","ＤＡＺＮ／静岡放送"
"2023","Ｊ３","第３節第１日","03/18(土)","14:00","沼津","vs","八戸","愛鷹"," ","ＤＡＺＮ"
"2023","Ｊ３","第３節第１日","03/18(土)","14:00","FC大阪","vs","岩手","花園"," ","ＤＡＺＮ"
"2023","Ｊ３","第３節第１日","03/18(土)","15:00","岐阜","vs","鹿児島","長良川"," ","ＤＡＺＮ"
"2023","Ｊ１","第５節第２日","03/19(日)","14:00","広島","vs","柏","Ｅスタ"," ","ＤＡＺＮ"
"2023","Ｊ１","第５節第２日","03/19(日)","14:00","福岡","vs","湘南","ベススタ"," ","ＤＡＺＮ"
"2023","Ｊ２","第５節第２日","03/19(日)","14:00","秋田","vs","水戸","ソユスタ"," ","ＤＡＺＮ"
"2023","Ｊ２","第５節第２日","03/19(日)","14:00","山形","vs","町田","ＮＤスタ"," ","ＤＡＺＮ"
"2023","Ｊ２","第５節第２日","03/19(日)","14:00","いわき","vs","徳島","いわきＧ"," ","ＤＡＺＮ"
"2023","Ｊ２","第５節第２日","03/19(日)","14:00","栃木","vs","大宮","カンセキ"," ","ＤＡＺＮ"
"2023","Ｊ２","第５節第２日","03/19(日)","14:00","群馬","vs","仙台","正田スタ"," ","ＤＡＺＮ／群馬テレビ"
"2023","Ｊ２","第５節第２日","03/19(日)","14:00","金沢","vs","山口","石川西部"," ","ＤＡＺＮ"
"2023","Ｊ２","第５節第２日","03/19(日)","14:00","藤枝","vs","東京Ｖ","藤枝サ"," ","ＤＡＺＮ"
"2023","Ｊ２","第５節第２日","03/19(日)","14:00","岡山","vs","甲府","Ｃスタ"," ","ＤＡＺＮ／テレビせとうち"
"2023","Ｊ２","第５節第２日","03/19(日)","14:00","熊本","vs","長崎","えがおＳ"," ","ＤＡＺＮ"
"2023","Ｊ２","第５節第２日","03/19(日)","14:00","大分","vs","千葉","レゾド"," ","ＤＡＺＮ"
"2023","Ｊ３","第３節第２日","03/19(日)","13:00","福島","vs","宮崎","とうスタ"," ","ＤＡＺＮ"
"2023","Ｊ３","第３節第２日","03/19(日)","13:00","YS横浜","vs","松本","ニッパツ"," ","ＤＡＺＮ"
"2023","Ｊ３","第３節第２日","03/19(日)","13:00","鳥取","vs","愛媛","Ａｘｉｓ"," ","ＤＡＺＮ"
"2023","Ｊ３","第３節第２日","03/19(日)","13:00","今治","vs","琉球","里山Ｓ"," ","ＤＡＺＮ／愛媛朝日テレビ（録）"
"2023","Ｊ３","第３節第２日","03/19(日)","14:00","長野","vs","奈良","長野Ｕ"," ","ＤＡＺＮ"
"2023","Ｊ３","第３節第２日","03/19(日)","14:00","富山","vs","北九州","富山"," ","ＤＡＺＮ"
"2023","Ｊ３","第３節第２日","03/19(日)","14:00","讃岐","vs","相模原","ピカスタ"," ","ＤＡＺＮ"
"2023","ＹＬＣ グループステージＡグループ","第２節第１日","03/25(土)","14:00","磐田","vs","札幌","ヤマハ"," ","ＴＶ放送：フジテレビＯＮＥ／インターネット配信：ＦＯＤ／ＳＰＯＯＸ"
"2023","Ｊ２","第６節第１日","03/25(土)","14:00","仙台","vs","金沢","ユアスタ"," ","ＤＡＺＮ"
"2023","Ｊ２","第６節第１日","03/25(土)","14:00","大宮","vs","大分","ＮＡＣＫ"," ","ＤＡＺＮ"
"2023","Ｊ２","第６節第１日","03/25(土)","14:00","千葉","vs","岡山","フクアリ"," ","ＤＡＺＮ"
"2023","Ｊ２","第６節第１日","03/25(土)","14:00","徳島","vs","秋田","鳴門大塚"," ","ＤＡＺＮ"
"2023","Ｊ２","第６節第１日","03/25(土)","14:00","長崎","vs","山形","トラスタ"," ","ＤＡＺＮ"
"2023","Ｊ２","第６節第１日","03/25(土)","15:00","東京Ｖ","vs","熊本","味スタ"," ","ＤＡＺＮ"
"2023","Ｊ３","第４節第１日","03/25(土)","14:00","岩手","vs","沼津","いわスタ"," ","ＤＡＺＮ"
"2023","ＹＬＣ グループステージＡグループ","第２節第２日","03/26(日)","15:00","鳥栖","vs","横浜FM","駅スタ"," ","ＴＶ放送：スカパー！／インターネット配信：ＳＰＯＯＸ"
"2023","ＹＬＣ グループステージＢグループ","第２節第１日","03/26(日)","15:00","浦和","vs","清水","浦和駒場"," ","ＴＶ放送：スカパー！／インターネット配信：ＳＰＯＯＸ"
"2023","ＹＬＣ グループステージＢグループ","第２節第１日","03/26(日)","15:00","川崎Ｆ","vs","湘南","等々力"," ","ＴＶ放送：スカパー！／インターネット配信：ＳＰＯＯＸ"
"2023","ＹＬＣ グループステージＣグループ","第２節第１日","03/26(日)","14:00","横浜FC","vs","神戸","ニッパツ"," ","ＴＶ放送：スカパー！／インターネット配信：ＳＰＯＯＸ"
"2023","ＹＬＣ グループステージＣグループ","第２節第１日","03/26(日)","14:00","広島","vs","名古屋","Ｅスタ"," ","ＴＶ放送：スカパー！／インターネット配信：ＳＰＯＯＸ"
"2023","ＹＬＣ グループステージＤグループ","第２節第１日","03/26(日)","14:00","新潟","vs","鹿島","デンカＳ"," ","ＴＶ放送：スカパー！／インターネット配信：ＳＰＯＯＸ"
"2023","ＹＬＣ グループステージＤグループ","第２節第１日","03/26(日)","15:00","福岡","vs","柏","ベススタ"," ","ＴＶ放送：スカパー！／インターネット配信：ＳＰＯＯＸ"
"2023","ＹＬＣ グループステージＥグループ","第２節第１日","03/26(日)","15:00","FC東京","vs","京都","味スタ"," ","ＴＶ放送：スカパー！／インターネット配信：ＳＰＯＯＸ"
"2023","ＹＬＣ グループステージＥグループ","第２節第１日","03/26(日)","15:00","Ｇ大阪","vs","Ｃ大阪","パナスタ"," ","ＴＶ放送：フジテレビＯＮＥ／インターネット配信：ＦＯＤ／ＳＰＯＯＸ"
"2023","Ｊ２","第６節第２日","03/26(日)","14:00","いわき","vs","町田","いわきＧ"," ","ＤＡＺＮ"
"2023","Ｊ２","第６節第２日","03/26(日)","14:00","山口","vs","藤枝","みらスタ"," ","ＤＡＺＮ"
"2023","Ｊ２","第６節第２日","03/26(日)","15:00","水戸","vs","甲府","Ｋｓスタ"," ","ＤＡＺＮ"
"2023","Ｊ３","第４節第２日","03/26(日)","13:00","奈良","vs","YS横浜","ロートＦ"," ","ＤＡＺＮ"
"2023","Ｊ３","第４節第２日","03/26(日)","13:00","鳥取","vs","讃岐","Ａｘｉｓ"," ","ＤＡＺＮ"
"2023","Ｊ３","第４節第２日","03/26(日)","13:00","鹿児島","vs","相模原","白波スタ"," ","ＤＡＺＮ"
"2023","Ｊ３","第４節第２日","03/26(日)","14:00","八戸","vs","岐阜","プラスタ"," ","ＤＡＺＮ"
"2023","Ｊ３","第４節第２日","03/26(日)","14:00","松本","vs","宮崎","サンアル"," ","ＤＡＺＮ／信越放送"
"2023","Ｊ３","第４節第２日","03/26(日)","14:00","富山","vs","長野","富山"," ","ＤＡＺＮ"
"2023","Ｊ３","第４節第２日","03/26(日)","14:00","北九州","vs","今治","ミクスタ"," ","ＤＡＺＮ"
"2023","Ｊ３","第４節第２日","03/26(日)","15:00","愛媛","vs","FC大阪","ニンスタ"," ","ＤＡＺＮ／南海放送（録）"
"2023","Ｊ３","第４節第２日","03/26(日)","17:00","琉球","vs","福島","タピスタ"," ","ＤＡＺＮ"
"2023","Ｊ２","第６節第３日","03/29(水)","19:00","清水","vs","群馬","アイスタ"," ","ＤＡＺＮ"
"2023","Ｊ２","第６節第３日","03/29(水)","19:00","磐田","vs","栃木","ヤマハ"," ","ＤＡＺＮ"
"2023","Ｊ１","第６節第１日","03/31(金)","19:00","柏","vs","浦和","三協Ｆ柏"," ","ＤＡＺＮ"
"2023","Ｊ１","第６節第２日","04/01(土)","14:00","横浜FC","vs","福岡","ニッパツ"," ","ＤＡＺＮ"
"2023","Ｊ１","第６節第２日","04/01(土)","14:00","新潟","vs","名古屋","デンカＳ"," ","ＤＡＺＮ／新潟テレビ２１"
"2023","Ｊ１","第６節第２日","04/01(土)","14:00","京都","vs","神戸","サンガＳ"," ","ＤＡＺＮ／ＫＢＳ京都（録）"
"2023","Ｊ１","第６節第２日","04/01(土)","15:00","鹿島","vs","広島","カシマ"," ","ＤＡＺＮ"
"2023","Ｊ１","第６節第２日","04/01(土)","15:00","湘南","vs","Ｇ大阪","レモンＳ"," ","ＤＡＺＮ"
"2023","Ｊ１","第６節第２日","04/01(土)","15:00","鳥栖","vs","FC東京","駅スタ"," ","ＤＡＺＮ"
"2023","Ｊ１","第６節第２日","04/01(土)","16:00","Ｃ大阪","vs","横浜FM","ヨドコウ"," ","ＤＡＺＮ"
"2023","Ｊ１","第６節第２日","04/01(土)","19:00","札幌","vs","川崎Ｆ","札幌ド"," ","ＤＡＺＮ／ＮＨＫ　ＢＳ１"
"2023","Ｊ２","第７節第１日","04/01(土)","13:00","甲府","vs","清水","ＪＩＴス"," ","ＤＡＺＮ"
"2023","Ｊ２","第７節第１日","04/01(土)","14:00","仙台","vs","長崎","ユアスタ"," ","ＤＡＺＮ"
"2023","Ｊ２","第７節第１日","04/01(土)","14:00","秋田","vs","山口","ソユスタ"," ","ＤＡＺＮ"
"2023","Ｊ２","第７節第１日","04/01(土)","14:00","大分","vs","磐田","レゾド"," ","ＤＡＺＮ"
"2023","Ｊ２","第７節第１日","04/01(土)","15:00","東京Ｖ","vs","大宮","味スタ"," ","ＤＡＺＮ"
"2023","Ｊ３","第５節第１日","04/01(土)","14:00","FC大阪","vs","富山","花園"," ","ＤＡＺＮ"
"2023","Ｊ３","第５節第１日","04/01(土)","15:00","岐阜","vs","琉球","長良川"," ","ＤＡＺＮ"
"2023","Ｊ２","第７節第２日","04/02(日)","13:00","熊本","vs","徳島","えがおＳ"," ","ＤＡＺＮ"
"2023","Ｊ２","第７節第２日","04/02(日)","14:00","山形","vs","水戸","ＮＤスタ"," ","ＤＡＺＮ"
"2023","Ｊ２","第７節第２日","04/02(日)","14:00","栃木","vs","群馬","カンセキ"," ","ＤＡＺＮ"
"2023","Ｊ２","第７節第２日","04/02(日)","14:00","町田","vs","藤枝","Ｇスタ"," ","ＤＡＺＮ"
"2023","Ｊ２","第７節第２日","04/02(日)","14:00","金沢","vs","千葉","石川西部"," ","ＤＡＺＮ"
"2023","Ｊ２","第７節第２日","04/02(日)","14:00","岡山","vs","いわき","Ｃスタ"," ","ＤＡＺＮ"
"2023","Ｊ３","第５節第２日","04/02(日)","13:00","今治","vs","奈良","里山Ｓ"," ","ＤＡＺＮ／愛媛朝日テレビ（録）"
"2023","Ｊ３","第５節第２日","04/02(日)","14:00","八戸","vs","北九州","プラスタ"," ","ＤＡＺＮ"
"2023","Ｊ３","第５節第２日","04/02(日)","14:00","福島","vs","岩手","とうスタ"," ","ＤＡＺＮ"
"2023","Ｊ３","第５節第２日","04/02(日)","14:00","相模原","vs","沼津","ギオンス"," ","ＤＡＺＮ"
"2023","Ｊ３","第５節第２日","04/02(日)","14:00","松本","vs","鳥取","サンアル"," ","ＤＡＺＮ"
"2023","Ｊ３","第５節第２日","04/02(日)","14:00","長野","vs","YS横浜","長野Ｕ"," ","ＤＡＺＮ"
"2023","Ｊ３","第５節第２日","04/02(日)","14:00","讃岐","vs","鹿児島","ピカスタ"," ","ＤＡＺＮ"
"2023","Ｊ３","第５節第２日","04/02(日)","15:00","宮崎","vs","愛媛","ユニスタ"," ","ＤＡＺＮ"
"2023","ＹＬＣ グループステージＡグループ","第３節第１日","04/05(水)","19:00","横浜FM","vs","札幌","ニッパツ"," ","ＴＶ放送：フジテレビＴＷＯ／インターネット配信：ＦＯＤ／ＳＰＯＯＸ"
"2023","ＹＬＣ グループステージＡグループ","第３節第１日","04/05(水)","19:00","磐田","vs","鳥栖","ヤマハ"," ","ＴＶ放送：スカパー！／インターネット配信：ＳＰＯＯＸ"
"2023","ＹＬＣ グループステージＢグループ","第３節第１日","04/05(水)","19:00","川崎Ｆ","vs","浦和","等々力"," ","ＴＶ放送：フジテレビＯＮＥ／インターネット配信：ＦＯＤ／ＳＰＯＯＸ"
"2023","ＹＬＣ グループステージＢグループ","第３節第１日","04/05(水)","19:00","湘南","vs","清水","レモンＳ"," ","ＴＶ放送：スカパー！／インターネット配信：ＳＰＯＯＸ"
"2023","ＹＬＣ グループステージＣグループ","第３節第１日","04/05(水)","19:00","神戸","vs","広島","ノエスタ"," ","ＴＶ放送：スカパー！／インターネット配信：ＳＰＯＯＸ"
"2023","ＹＬＣ グループステージＣグループ","第３節第１日","04/05(水)","19:30","名古屋","vs","横浜FC","豊田ス"," ","ＴＶ放送：スカパー！／インターネット配信：ＳＰＯＯＸ"
"2023","ＹＬＣ グループステージＤグループ","第３節第１日","04/05(水)","19:00","鹿島","vs","福岡","カシマ"," ","ＴＶ放送：スカパー！／インターネット配信：ＳＰＯＯＸ"
"2023","ＹＬＣ グループステージＤグループ","第３節第１日","04/05(水)","19:00","新潟","vs","柏","デンカＳ"," ","ＴＶ放送：スカパー！／インターネット配信：ＳＰＯＯＸ"
"2023","ＹＬＣ グループステージＥグループ","第３節第１日","04/05(水)","19:00","京都","vs","Ｃ大阪","サンガＳ"," ","ＴＶ放送：スカパー！／インターネット配信：ＳＰＯＯＸ"
"2023","ＹＬＣ グループステージＥグループ","第３節第１日","04/05(水)","19:00","Ｇ大阪","vs","FC東京","パナスタ"," ","ＴＶ放送：フジテレビＮＥＸＴ／インターネット配信：ＦＯＤ／ＳＰＯＯＸ"
"2023","Ｊ１","第７節第１日","04/08(土)","19:00","横浜FM","vs","横浜FC","日産ス"," ","ＤＡＺＮ／ＮＨＫ　ＢＳ１"
"2023","Ｊ２","第８節第１日","04/08(土)","13:00","甲府","vs","仙台","ＪＩＴス"," ","ＤＡＺＮ"
"2023","Ｊ２","第８節第１日","04/08(土)","14:00","いわき","vs","大分","いわきＧ"," ","ＤＡＺＮ"
"2023","Ｊ２","第８節第１日","04/08(土)","14:00","群馬","vs","長崎","正田スタ"," ","ＤＡＺＮ／群馬テレビ"
"2023","Ｊ２","第８節第１日","04/08(土)","14:00","大宮","vs","山形","ＮＡＣＫ"," ","ＤＡＺＮ"
"2023","Ｊ２","第８節第１日","04/08(土)","14:00","千葉","vs","徳島","フクアリ"," ","ＤＡＺＮ"
"2023","Ｊ２","第８節第１日","04/08(土)","14:00","町田","vs","秋田","Ｇスタ"," ","ＤＡＺＮ"
"2023","Ｊ２","第８節第１日","04/08(土)","14:00","清水","vs","東京Ｖ","アイスタ"," ","ＤＡＺＮ"
"2023","Ｊ２","第８節第１日","04/08(土)","14:00","藤枝","vs","岡山","藤枝サ"," ","ＤＡＺＮ"
"2023","Ｊ２","第８節第１日","04/08(土)","14:00","山口","vs","栃木","みらスタ"," ","ＤＡＺＮ"
"2023","Ｊ２","第８節第１日","04/08(土)","17:00","水戸","vs","磐田","Ｋｓスタ"," ","ＤＡＺＮ"
"2023","Ｊ３","第６節第１日","04/08(土)","13:00","YS横浜","vs","鹿児島","ニッパツ"," ","ＤＡＺＮ"
"2023","Ｊ３","第６節第１日","04/08(土)","14:00","岩手","vs","相模原","いわスタ"," ","ＤＡＺＮ"
"2023","Ｊ３","第６節第１日","04/08(土)","14:00","沼津","vs","福島","愛鷹"," ","ＤＡＺＮ"
"2023","Ｊ３","第６節第１日","04/08(土)","15:00","愛媛","vs","岐阜","ニンスタ"," ","ＤＡＺＮ／南海放送（録）"
"2023","Ｊ３","第６節第１日","04/08(土)","17:00","琉球","vs","奈良","タピスタ"," ","ＤＡＺＮ"
"2023","Ｊ１","第７節第２日","04/09(日)","14:00","Ｃ大阪","vs","札幌","ヨドコウ"," ","ＤＡＺＮ"
"2023","Ｊ１","第７節第２日","04/09(日)","14:00","神戸","vs","新潟","ノエスタ"," ","ＤＡＺＮ"
"2023","Ｊ１","第７節第２日","04/09(日)","14:00","広島","vs","鳥栖","Ｅスタ"," ","ＤＡＺＮ"
"2023","Ｊ１","第７節第２日","04/09(日)","15:00","FC東京","vs","湘南","味スタ"," ","ＤＡＺＮ"
"2023","Ｊ１","第７節第２日","04/09(日)","15:00","名古屋","vs","浦和","豊田ス"," ","ＤＡＺＮ"
"2023","Ｊ１","第７節第２日","04/09(日)","15:00","Ｇ大阪","vs","川崎Ｆ","パナスタ"," ","ＤＡＺＮ"
"2023","Ｊ１","第７節第２日","04/09(日)","15:00","福岡","vs","京都","ベススタ"," ","ＤＡＺＮ"
"2023","Ｊ１","第７節第２日","04/09(日)","19:00","柏","vs","鹿島","三協Ｆ柏"," ","ＤＡＺＮ"
"2023","Ｊ２","第８節第２日","04/09(日)","15:00","熊本","vs","金沢","えがおＳ"," ","ＤＡＺＮ"
"2023","Ｊ３","第６節第２日","04/09(日)","13:00","FC大阪","vs","今治","花園"," ","ＤＡＺＮ"
"2023","Ｊ３","第６節第２日","04/09(日)","13:00","鳥取","vs","八戸","Ａｘｉｓ"," ","ＤＡＺＮ"
"2023","Ｊ３","第６節第２日","04/09(日)","14:00","長野","vs","讃岐","長野Ｕ"," ","ＤＡＺＮ"
"2023","Ｊ３","第６節第２日","04/09(日)","14:00","富山","vs","宮崎","富山"," ","ＤＡＺＮ"
"2023","Ｊ３","第６節第２日","04/09(日)","14:00","北九州","vs","松本","ミクスタ"," ","ＤＡＺＮ"
"2023","Ｊ２","第９節第１日","04/12(水)","19:00","栃木","vs","山形","カンセキ"," ","ＤＡＺＮ"
"2023","Ｊ２","第９節第１日","04/12(水)","19:00","大宮","vs","群馬","ＮＡＣＫ"," ","ＤＡＺＮ"
"2023","Ｊ２","第９節第１日","04/12(水)","19:00","東京Ｖ","vs","秋田","味スタ"," ","ＤＡＺＮ"
"2023","Ｊ２","第９節第１日","04/12(水)","19:00","金沢","vs","いわき","石川西部"," ","ＤＡＺＮ"
"2023","Ｊ２","第９節第１日","04/12(水)","19:00","清水","vs","仙台","アイスタ"," ","ＤＡＺＮ"
"2023","Ｊ２","第９節第１日","04/12(水)","19:00","磐田","vs","町田","ヤマハ"," ","ＤＡＺＮ"
"2023","Ｊ２","第９節第１日","04/12(水)","19:00","藤枝","vs","千葉","藤枝サ"," ","ＤＡＺＮ"
"2023","Ｊ２","第９節第１日","04/12(水)","19:00","岡山","vs","熊本","Ｃスタ"," ","ＤＡＺＮ"
"2023","Ｊ２","第９節第１日","04/12(水)","19:00","徳島","vs","水戸","鳴門大塚"," ","ＤＡＺＮ"
"2023","Ｊ２","第９節第１日","04/12(水)","19:00","長崎","vs","甲府","トラスタ"," ","ＤＡＺＮ"
"2023","Ｊ２","第９節第１日","04/12(水)","19:00","大分","vs","山口","レゾド"," ","ＤＡＺＮ"
"2023","Ｊ１","第８節第１日","04/15(土)","14:00","横浜FC","vs","広島","ニッパツ"," ","ＤＡＺＮ"
"2023","Ｊ１","第８節第１日","04/15(土)","14:00","新潟","vs","福岡","デンカＳ"," ","ＤＡＺＮ"
"2023","Ｊ１","第８節第１日","04/15(土)","15:00","浦和","vs","札幌","埼玉"," ","ＤＡＺＮ／ＮＨＫ総合"
"2023","Ｊ１","第８節第１日","04/15(土)","15:00","川崎Ｆ","vs","名古屋","等々力"," ","ＤＡＺＮ／ＮＨＫ名古屋"
"2023","Ｊ１","第８節第１日","04/15(土)","15:00","湘南","vs","横浜FM","レモンＳ"," ","ＤＡＺＮ"
"2023","Ｊ１","第８節第１日","04/15(土)","15:00","鳥栖","vs","柏","駅スタ"," ","ＤＡＺＮ"
"2023","Ｊ１","第８節第１日","04/15(土)","16:00","鹿島","vs","神戸","カシマ"," ","ＤＡＺＮ"
"2023","Ｊ１","第８節第１日","04/15(土)","16:00","FC東京","vs","Ｃ大阪","味スタ"," ","ＤＡＺＮ"
"2023","Ｊ１","第８節第１日","04/15(土)","16:00","京都","vs","Ｇ大阪","サンガＳ"," ","ＤＡＺＮ／ＫＢＳ京都（録）"
"2023","Ｊ３","第７節第１日","04/15(土)","13:00","福島","vs","鳥取","とうスタ"," ","ＤＡＺＮ／福島中央テレビ"
"2023","Ｊ３","第７節第１日","04/15(土)","14:00","相模原","vs","長野","ギオンス"," ","ＤＡＺＮ"
"2023","Ｊ３","第７節第１日","04/15(土)","17:00","琉球","vs","北九州","タピスタ"," ","ＤＡＺＮ"
"2023","Ｊ２","第１０節第１日","04/16(日)","13:00","甲府","vs","栃木","ＪＩＴス"," ","ＤＡＺＮ"
"2023","Ｊ２","第１０節第１日","04/16(日)","14:00","仙台","vs","岡山","ユアスタ"," ","ＤＡＺＮ"
"2023","Ｊ２","第１０節第１日","04/16(日)","14:00","秋田","vs","大宮","ソユスタ"," ","ＤＡＺＮ"
"2023","Ｊ２","第１０節第１日","04/16(日)","14:00","山形","vs","金沢","ＮＤスタ"," ","ＤＡＺＮ"
"2023","Ｊ２","第１０節第１日","04/16(日)","14:00","いわき","vs","群馬","いわきＧ"," ","ＤＡＺＮ"
"2023","Ｊ２","第１０節第１日","04/16(日)","14:00","千葉","vs","東京Ｖ","フクアリ"," ","ＤＡＺＮ"
"2023","Ｊ２","第１０節第１日","04/16(日)","14:00","町田","vs","大分","Ｇスタ"," ","ＤＡＺＮ"
"2023","Ｊ２","第１０節第１日","04/16(日)","14:00","山口","vs","清水","みらスタ"," ","ＤＡＺＮ"
"2023","Ｊ２","第１０節第１日","04/16(日)","14:00","徳島","vs","長崎","鳴門大塚"," ","ＤＡＺＮ"
"2023","Ｊ２","第１０節第１日","04/16(日)","15:00","水戸","vs","藤枝","Ｋｓスタ"," ","ＤＡＺＮ"
"2023","Ｊ２","第１０節第１日","04/16(日)","16:00","磐田","vs","熊本","ヤマハ"," ","ＤＡＺＮ"
"2023","Ｊ３","第７節第２日","04/16(日)","13:00","奈良","vs","岩手","ロートＦ"," ","ＤＡＺＮ"
"2023","Ｊ３","第７節第２日","04/16(日)","13:00","今治","vs","富山","里山Ｓ"," ","ＤＡＺＮ／愛媛朝日テレビ（録）"
"2023","Ｊ３","第７節第２日","04/16(日)","13:00","鹿児島","vs","宮崎","白波スタ"," ","ＤＡＺＮ"
"2023","Ｊ３","第７節第２日","04/16(日)","14:00","八戸","vs","YS横浜","プラスタ"," ","ＤＡＺＮ"
"2023","Ｊ３","第７節第２日","04/16(日)","14:00","松本","vs","沼津","サンアル"," ","ＤＡＺＮ"
"2023","Ｊ３","第７節第２日","04/16(日)","14:00","岐阜","vs","FC大阪","長良川"," ","ＤＡＺＮ"
"2023","Ｊ３","第７節第２日","04/16(日)","14:00","讃岐","vs","愛媛","ピカスタ"," ","ＤＡＺＮ"
"2023","ＹＬＣ グループステージＡグループ","第４節第１日","04/19(水)","19:00","札幌","vs","鳥栖","札幌ド"," ","ＴＶ放送：スカパー！／インターネット配信：ＳＰＯＯＸ"
"2023","ＹＬＣ グループステージＡグループ","第４節第１日","04/19(水)","19:00","磐田","vs","横浜FM","ヤマハ"," ","ＴＶ放送：スカパー！／インターネット配信：ＳＰＯＯＸ"
"2023","ＹＬＣ グループステージＢグループ","第４節第１日","04/19(水)","19:00","川崎Ｆ","vs","清水","等々力"," ","ＴＶ放送：スカパー！／インターネット配信：ＳＰＯＯＸ"
"2023","ＹＬＣ グループステージＢグループ","第４節第１日","04/19(水)","19:30","浦和","vs","湘南","埼玉"," ","ＴＶ放送：フジテレビＯＮＥ／インターネット配信：ＦＯＤ／ＳＰＯＯＸ"
"2023","ＹＬＣ グループステージＣグループ","第４節第１日","04/19(水)","19:00","横浜FC","vs","名古屋","ニッパツ"," ","ＴＶ放送：スカパー！／インターネット配信：ＳＰＯＯＸ"
"2023","ＹＬＣ グループステージＣグループ","第４節第１日","04/19(水)","19:00","広島","vs","神戸","Ｅスタ"," ","ＴＶ放送：スカパー！／インターネット配信：ＳＰＯＯＸ"
"2023","ＹＬＣ グループステージＤグループ","第４節第１日","04/19(水)","19:00","柏","vs","新潟","三協Ｆ柏"," ","ＴＶ放送：スカパー！／インターネット配信：ＳＰＯＯＸ"
"2023","ＹＬＣ グループステージＤグループ","第４節第１日","04/19(水)","19:00","福岡","vs","鹿島","ベススタ"," ","ＴＶ放送：スカパー！／インターネット配信：ＳＰＯＯＸ"
"2023","ＹＬＣ グループステージＥグループ","第４節第１日","04/19(水)","19:00","FC東京","vs","Ｇ大阪","味スタ"," ","ＴＶ放送：フジテレビＮＥＸＴ／インターネット配信：ＦＯＤ／ＳＰＯＯＸ"
"2023","ＹＬＣ グループステージＥグループ","第４節第１日","04/19(水)","19:00","Ｃ大阪","vs","京都","ヨドコウ"," ","ＴＶ放送：スカパー！／インターネット配信：ＳＰＯＯＸ"
"2023","Ｊ２","第１１節第１日","04/21(金)","19:00","熊本","vs","千葉","えがおＳ"," ","ＤＡＺＮ"
"2023","Ｊ１","第９節第１日","04/22(土)","14:00","広島","vs","FC東京","Ｅスタ"," ","ＤＡＺＮ／ＮＨＫ広島"
"2023","Ｊ１","第９節第１日","04/22(土)","19:00","神戸","vs","横浜FM","ノエスタ"," ","ＤＡＺＮ／ＮＨＫ　ＢＳ１"
"2023","Ｊ２","第１１節第２日","04/22(土)","14:00","大宮","vs","清水","ＮＡＣＫ"," ","ＤＡＺＮ"
"2023","Ｊ２","第１１節第２日","04/22(土)","14:00","甲府","vs","町田","ＪＩＴス"," ","ＤＡＺＮ／テレビ山梨"
"2023","Ｊ２","第１１節第２日","04/22(土)","14:00","岡山","vs","山口","Ｃスタ"," ","ＤＡＺＮ／ＲＳＫ山陽放送"
"2023","Ｊ２","第１１節第２日","04/22(土)","14:00","長崎","vs","秋田","トラスタ"," ","ＤＡＺＮ"
"2023","Ｊ２","第１１節第２日","04/22(土)","15:00","東京Ｖ","vs","山形","味スタ"," ","ＤＡＺＮ"
"2023","Ｊ１","第９節第２日","04/23(日)","14:00","札幌","vs","福岡","札幌ド"," ","ＤＡＺＮ"
"2023","Ｊ１","第９節第２日","04/23(日)","14:00","新潟","vs","鹿島","デンカＳ"," ","ＤＡＺＮ／テレビ新潟"
"2023","Ｊ１","第９節第２日","04/23(日)","14:00","京都","vs","鳥栖","サンガＳ"," ","ＤＡＺＮ"
"2023","Ｊ１","第９節第２日","04/23(日)","14:00","Ｃ大阪","vs","柏","ヨドコウ"," ","ＤＡＺＮ"
"2023","Ｊ１","第９節第２日","04/23(日)","15:00","名古屋","vs","湘南","豊田ス"," ","ＤＡＺＮ"
"2023","Ｊ１","第９節第２日","04/23(日)","16:00","川崎Ｆ","vs","浦和","等々力"," ","ＤＡＺＮ"
"2023","Ｊ１","第９節第２日","04/23(日)","16:00","Ｇ大阪","vs","横浜FC","パナスタ"," ","ＤＡＺＮ"
"2023","Ｊ２","第１１節第３日","04/23(日)","14:00","栃木","vs","いわき","カンセキ"," ","ＤＡＺＮ／とちぎテレビ"
"2023","Ｊ２","第１１節第３日","04/23(日)","14:00","群馬","vs","徳島","正田スタ"," ","ＤＡＺＮ"
"2023","Ｊ２","第１１節第３日","04/23(日)","14:00","金沢","vs","磐田","石川西部"," ","ＤＡＺＮ"
"2023","Ｊ２","第１１節第３日","04/23(日)","14:00","藤枝","vs","仙台","藤枝サ"," ","ＤＡＺＮ"
"2023","Ｊ２","第１１節第３日","04/23(日)","14:00","大分","vs","水戸","レゾド"," ","ＤＡＺＮ"
"2023","Ｊ１","第１０節第１日","04/29(土・祝)","14:00","横浜FC","vs","札幌","ニッパツ"," ","ＤＡＺＮ"
"2023","Ｊ１","第１０節第１日","04/29(土・祝)","14:00","Ｃ大阪","vs","広島","ヨドコウ"," ","ＤＡＺＮ"
"2023","Ｊ１","第１０節第１日","04/29(土・祝)","14:00","神戸","vs","湘南","ノエスタ"," ","ＤＡＺＮ"
"2023","Ｊ１","第１０節第１日","04/29(土・祝)","15:00","柏","vs","京都","三協Ｆ柏"," ","ＤＡＺＮ"
"2023","Ｊ１","第１０節第１日","04/29(土・祝)","15:00","FC東京","vs","新潟","味スタ"," ","ＤＡＺＮ"
"2023","Ｊ１","第１０節第１日","04/29(土・祝)","15:00","横浜FM","vs","名古屋","日産ス"," ","ＤＡＺＮ"
"2023","Ｊ１","第１０節第１日","04/29(土・祝)","17:00","福岡","vs","川崎Ｆ","ベススタ"," ","ＤＡＺＮ"
"2023","Ｊ１","第１０節第１日","04/29(土・祝)","19:00","鹿島","vs","Ｇ大阪","カシマ"," ","ＤＡＺＮ／ＮＨＫ　ＢＳ１"
"2023","Ｊ２","第１２節第１日","04/29(土・祝)","14:00","仙台","vs","大分","ユアスタ"," ","ＤＡＺＮ"
"2023","Ｊ２","第１２節第１日","04/29(土・祝)","14:00","秋田","vs","岡山","ソユスタ"," ","ＤＡＺＮ"
"2023","Ｊ２","第１２節第１日","04/29(土・祝)","14:00","山形","vs","山口","ＮＤスタ"," ","ＤＡＺＮ"
"2023","Ｊ２","第１２節第１日","04/29(土・祝)","14:00","いわき","vs","長崎","いわきＧ"," ","ＤＡＺＮ"
"2023","Ｊ２","第１２節第１日","04/29(土・祝)","14:00","群馬","vs","甲府","正田スタ"," ","ＤＡＺＮ"
"2023","Ｊ２","第１２節第１日","04/29(土・祝)","14:00","町田","vs","熊本","Ｇスタ"," ","ＤＡＺＮ"
"2023","Ｊ２","第１２節第１日","04/29(土・祝)","14:00","清水","vs","栃木","アイスタ"," ","ＤＡＺＮ／静岡第一テレビ"
"2023","Ｊ２","第１２節第１日","04/29(土・祝)","14:00","磐田","vs","徳島","ヤマハ"," ","ＤＡＺＮ"
"2023","Ｊ２","第１２節第１日","04/29(土・祝)","15:00","千葉","vs","大宮","フクアリ"," ","ＤＡＺＮ"
"2023","Ｊ２","第１２節第１日","04/29(土・祝)","17:00","水戸","vs","東京Ｖ","Ｋｓスタ"," ","ＤＡＺＮ"
"2023","Ｊ３","第８節第１日","04/29(土・祝)","13:00","FC大阪","vs","沼津","花園"," ","ＤＡＺＮ"
"2023","Ｊ３","第８節第１日","04/29(土・祝)","13:00","鳥取","vs","奈良","Ａｘｉｓ"," ","ＤＡＺＮ"
"2023","Ｊ３","第８節第１日","04/29(土・祝)","14:00","岩手","vs","鹿児島","いわスタ"," ","ＤＡＺＮ"
"2023","Ｊ３","第８節第１日","04/29(土・祝)","14:00","富山","vs","松本","富山"," ","ＤＡＺＮ"
"2023","Ｊ３","第８節第１日","04/29(土・祝)","14:00","讃岐","vs","八戸","ピカスタ"," ","ＤＡＺＮ"
"2023","Ｊ３","第８節第１日","04/29(土・祝)","14:00","北九州","vs","相模原","ミクスタ"," ","ＤＡＺＮ"
"2023","Ｊ３","第８節第１日","04/29(土・祝)","15:00","愛媛","vs","琉球","ニンスタ"," ","ＤＡＺＮ／南海放送（録）"
"2023","Ｊ２","第１２節第２日","04/30(日)","14:00","金沢","vs","藤枝","石川西部"," ","ＤＡＺＮ"
"2023","Ｊ３","第８節第２日","04/30(日)","13:00","YS横浜","vs","今治","ニッパツ"," ","ＤＡＺＮ"
"2023","Ｊ３","第８節第２日","04/30(日)","13:00","宮崎","vs","岐阜","ユニスタ"," ","ＤＡＺＮ／ＮＨＫ宮崎"
"2023","Ｊ３","第８節第２日","04/30(日)","15:00","長野","vs","福島","長野Ｕ"," ","ＤＡＺＮ"
"2023","Ｊ１","第１１節第１日","05/03(水・祝)","14:00","札幌","vs","鹿島","札幌ド"," ","ＤＡＺＮ"
"2023","Ｊ１","第１１節第１日","05/03(水・祝)","14:00","京都","vs","川崎Ｆ","サンガＳ"," ","ＤＡＺＮ／ＫＢＳ京都（録）"
"2023","Ｊ１","第１１節第１日","05/03(水・祝)","14:00","Ｇ大阪","vs","Ｃ大阪","パナスタ"," ","ＤＡＺＮ／ＮＨＫ大阪"
"2023","Ｊ１","第１１節第１日","05/03(水・祝)","15:00","湘南","vs","柏","レモンＳ"," ","ＤＡＺＮ"
"2023","Ｊ１","第１１節第１日","05/03(水・祝)","15:00","名古屋","vs","神戸","豊田ス"," ","ＤＡＺＮ"
"2023","Ｊ１","第１１節第１日","05/03(水・祝)","15:00","福岡","vs","FC東京","ベススタ"," ","ＤＡＺＮ／福岡放送"
"2023","Ｊ１","第１１節第１日","05/03(水・祝)","15:00","鳥栖","vs","横浜FM","駅スタ"," ","ＤＡＺＮ／ＮＨＫ佐賀"
"2023","Ｊ１","第１１節第１日","05/03(水・祝)","19:00","横浜FC","vs","新潟","ニッパツ"," ","ＤＡＺＮ／ＮＨＫ　ＢＳ１"
"2023","Ｊ２","第１３節第１日","05/03(水・祝)","13:50","熊本","vs","群馬","えがおＳ"," ","ＤＡＺＮ／テレビ熊本"
"2023","Ｊ２","第１３節第１日","05/03(水・祝)","14:00","仙台","vs","秋田","ユアスタ"," ","ＤＡＺＮ"
"2023","Ｊ２","第１３節第１日","05/03(水・祝)","14:00","大宮","vs","町田","ＮＡＣＫ"," ","ＤＡＺＮ"
"2023","Ｊ２","第１３節第１日","05/03(水・祝)","14:00","甲府","vs","いわき","ＪＩＴス"," ","ＤＡＺＮ"
"2023","Ｊ２","第１３節第１日","05/03(水・祝)","14:00","藤枝","vs","大分","藤枝サ"," ","ＤＡＺＮ"
"2023","Ｊ２","第１３節第１日","05/03(水・祝)","14:00","岡山","vs","山形","Ｃスタ"," ","ＤＡＺＮ"
"2023","Ｊ２","第１３節第１日","05/03(水・祝)","14:00","山口","vs","千葉","みらスタ"," ","ＤＡＺＮ"
"2023","Ｊ２","第１３節第１日","05/03(水・祝)","14:00","徳島","vs","清水","鳴門大塚"," ","ＤＡＺＮ"
"2023","Ｊ２","第１３節第１日","05/03(水・祝)","14:00","長崎","vs","水戸","トラスタ"," ","ＤＡＺＮ"
"2023","Ｊ２","第１３節第１日","05/03(水・祝)","16:00","栃木","vs","金沢","カンセキ"," ","ＤＡＺＮ"
"2023","Ｊ２","第１３節第１日","05/03(水・祝)","17:00","東京Ｖ","vs","磐田","味スタ"," ","ＤＡＺＮ"
"2023","Ｊ３","第９節第１日","05/03(水・祝)","13:00","奈良","vs","宮崎","ロートＦ"," ","ＤＡＺＮ"
"2023","Ｊ３","第９節第１日","05/03(水・祝)","13:55","福島","vs","讃岐","とうスタ"," ","ＤＡＺＮ／テレビユー福島"
"2023","Ｊ３","第９節第１日","05/03(水・祝)","14:00","岩手","vs","長野","いわスタ"," ","ＤＡＺＮ"
"2023","Ｊ３","第９節第１日","05/03(水・祝)","14:00","沼津","vs","愛媛","愛鷹"," ","ＤＡＺＮ"
"2023","Ｊ３","第９節第１日","05/03(水・祝)","14:00","岐阜","vs","YS横浜","長良川"," ","ＤＡＺＮ"
"2023","Ｊ３","第９節第１日","05/03(水・祝)","15:00","松本","vs","FC大阪","サンアル"," ","ＤＡＺＮ／テレビ信州"
"2023","Ｊ３","第９節第１日","05/03(水・祝)","18:30","琉球","vs","鳥取","タピスタ"," ","ＤＡＺＮ"
"2023","Ｊ３","第９節第２日","05/04(木・祝)","14:00","八戸","vs","今治","プラスタ"," ","ＤＡＺＮ／青森朝日放送"
"2023","Ｊ３","第９節第２日","05/04(木・祝)","14:00","相模原","vs","富山","ギオンス"," ","ＤＡＺＮ"
"2023","Ｊ３","第９節第２日","05/04(木・祝)","14:00","鹿児島","vs","北九州","白波スタ"," ","ＤＡＺＮ"
"2023","Ｊ１","第１２節第１日","05/06(土)","14:00","札幌","vs","FC東京","札幌ド"," ","ＤＡＺＮ"
"2023","Ｊ１","第１２節第１日","05/06(土)","19:00","名古屋","vs","Ｇ大阪","豊田ス"," ","ＤＡＺＮ／ＮＨＫ　ＢＳ１"
"2023","Ｊ１","第１２節第２日","05/07(日)","13:00","広島","vs","福岡","Ｅスタ"," ","ＤＡＺＮ／テレビ新広島"
"2023","Ｊ１","第１２節第２日","05/07(日)","14:00","横浜FM","vs","京都","日産ス"," ","ＤＡＺＮ"
"2023","Ｊ１","第１２節第２日","05/07(日)","14:00","新潟","vs","柏","デンカＳ"," ","ＤＡＺＮ／新潟放送"
"2023","Ｊ１","第１２節第２日","05/07(日)","14:00","Ｃ大阪","vs","鹿島","ヨドコウ"," ","ＤＡＺＮ"
"2023","Ｊ１","第１２節第２日","05/07(日)","14:00","神戸","vs","横浜FC","ノエスタ"," ","ＤＡＺＮ"
"2023","Ｊ１","第１２節第２日","05/07(日)","15:00","川崎Ｆ","vs","鳥栖","等々力"," ","ＤＡＺＮ"
"2023","Ｊ２","第１４節第１日","05/07(日)","13:00","熊本","vs","甲府","えがおＳ"," ","ＤＡＺＮ"
"2023","Ｊ２","第１４節第１日","05/07(日)","14:00","秋田","vs","栃木","ソユスタ"," ","ＤＡＺＮ"
"2023","Ｊ２","第１４節第１日","05/07(日)","14:00","山形","vs","藤枝","ＮＤスタ"," ","ＤＡＺＮ"
"2023","Ｊ２","第１４節第１日","05/07(日)","14:00","群馬","vs","山口","正田スタ"," ","ＤＡＺＮ"
"2023","Ｊ２","第１４節第１日","05/07(日)","14:00","大宮","vs","徳島","ＮＡＣＫ"," ","ＤＡＺＮ"
"2023","Ｊ２","第１４節第１日","05/07(日)","14:00","町田","vs","岡山","Ｇスタ"," ","ＤＡＺＮ"
"2023","Ｊ２","第１４節第１日","05/07(日)","14:00","清水","vs","いわき","アイスタ"," ","ＤＡＺＮ"
"2023","Ｊ２","第１４節第１日","05/07(日)","14:00","長崎","vs","東京Ｖ","トラスタ"," ","ＤＡＺＮ"
"2023","Ｊ２","第１４節第１日","05/07(日)","14:00","大分","vs","金沢","レゾド"," ","ＤＡＺＮ"
"2023","Ｊ２","第１４節第１日","05/07(日)","15:00","水戸","vs","仙台","Ｋｓスタ"," ","ＤＡＺＮ"
"2023","Ｊ２","第１４節第１日","05/07(日)","19:00","千葉","vs","磐田","フクアリ"," ","ＤＡＺＮ"
"2023","Ｊ１","第１０節第２日","05/10(水)","19:30","浦和","vs","鳥栖","埼玉"," ","ＤＡＺＮ"
"2023","Ｊ１","第１３節第１日","05/12(金)","19:30","FC東京","vs","川崎Ｆ","国立"," ","ＤＡＺＮ"
"2023","Ｊ１","第１３節第２日","05/13(土)","14:00","神戸","vs","広島","ノエスタ"," ","ＤＡＺＮ"
"2023","Ｊ１","第１３節第２日","05/13(土)","15:00","湘南","vs","札幌","レモンＳ"," ","ＤＡＺＮ"
"2023","Ｊ１","第１３節第２日","05/13(土)","16:00","柏","vs","横浜FC","三協Ｆ柏"," ","ＤＡＺＮ"
"2023","Ｊ２","第１５節第１日","05/13(土)","13:00","岡山","vs","大宮","Ｃスタ"," ","ＤＡＺＮ／岡山放送"
"2023","Ｊ２","第１５節第１日","05/13(土)","13:15","山口","vs","徳島","みらスタ"," ","ＤＡＺＮ／山口放送"
"2023","Ｊ２","第１５節第１日","05/13(土)","14:00","仙台","vs","山形","ユアスタ"," ","ＤＡＺＮ／ＮＨＫ仙台／ＮＨＫ山形"
"2023","Ｊ２","第１５節第１日","05/13(土)","14:00","甲府","vs","千葉","ＪＩＴス"," ","ＤＡＺＮ"
"2023","Ｊ２","第１５節第１日","05/13(土)","14:00","金沢","vs","長崎","石川西部"," ","ＤＡＺＮ"
"2023","Ｊ２","第１５節第１日","05/13(土)","14:00","清水","vs","藤枝","アイスタ"," ","ＤＡＺＮ"
"2023","Ｊ２","第１５節第１日","05/13(土)","14:00","磐田","vs","群馬","ヤマハ"," ","ＤＡＺＮ"
"2023","Ｊ２","第１５節第１日","05/13(土)","15:00","東京Ｖ","vs","町田","味スタ"," ","ＤＡＺＮ"
"2023","Ｊ２","第１５節第１日","05/13(土)","15:00","大分","vs","熊本","レゾド"," ","ＤＡＺＮ"
"2023","Ｊ２","第１５節第１日","05/13(土)","17:00","水戸","vs","栃木","Ｋｓスタ"," ","ＤＡＺＮ"
"2023","Ｊ３","第１０節第１日","05/13(土)","13:00","YS横浜","vs","相模原","ニッパツ"," ","ＤＡＺＮ"
"2023","Ｊ３","第１０節第１日","05/13(土)","13:00","奈良","vs","FC大阪","ロートＦ"," ","ＤＡＺＮ"
"2023","Ｊ３","第１０節第１日","05/13(土)","18:00","長野","vs","松本","長野Ｕ"," ","ＤＡＺＮ／ＮＨＫ長野"
"2023","Ｊ１","第１３節第３日","05/14(日)","13:30","鹿島","vs","名古屋","国立"," ","ＤＡＺＮ／ＮＨＫ総合"
"2023","Ｊ１","第１３節第３日","05/14(日)","13:30","新潟","vs","横浜FM","デンカＳ"," ","ＤＡＺＮ／ＮＨＫ新潟"
"2023","Ｊ１","第１３節第３日","05/14(日)","13:30","京都","vs","Ｃ大阪","サンガＳ"," ","ＤＡＺＮ／ＮＨＫ京都／ＫＢＳ京都（録）"
"2023","Ｊ１","第１３節第３日","05/14(日)","13:30","福岡","vs","鳥栖","ベススタ"," ","ＤＡＺＮ／ＮＨＫ福岡／ＮＨＫ佐賀"
"2023","Ｊ１","第１３節第３日","05/14(日)","16:00","浦和","vs","Ｇ大阪","埼玉"," ","ＤＡＺＮ"
"2023","Ｊ２","第１５節第２日","05/14(日)","13:30","いわき","vs","秋田","いわきＧ"," ","ＤＡＺＮ／ＮＨＫ福島／ＮＨＫ秋田"
"2023","Ｊ３","第１０節第２日","05/14(日)","13:00","鳥取","vs","沼津","ヤジン"," ","ＤＡＺＮ"
"2023","Ｊ３","第１０節第２日","05/14(日)","13:30","八戸","vs","岩手","プラスタ"," ","ＤＡＺＮ／ＮＨＫ青森／ＮＨＫ盛岡"
"2023","Ｊ３","第１０節第２日","05/14(日)","13:30","今治","vs","愛媛","里山Ｓ"," ","ＤＡＺＮ／ＮＨＫ松山／愛媛朝日テレビ（録）"
"2023","Ｊ３","第１０節第２日","05/14(日)","13:30","鹿児島","vs","琉球","白波スタ"," ","ＤＡＺＮ／ＮＨＫ鹿児島"
"2023","Ｊ３","第１０節第２日","05/14(日)","14:00","富山","vs","福島","富山"," ","ＤＡＺＮ"
"2023","Ｊ３","第１０節第２日","05/14(日)","14:00","讃岐","vs","岐阜","ピカスタ"," ","ＤＡＺＮ"
"2023","Ｊ３","第１０節第２日","05/14(日)","14:00","北九州","vs","宮崎","ミクスタ"," ","ＤＡＺＮ"
"2023","Ｊ２","第１６節第１日","05/17(水)","13:30","山形","vs","大分","ＮＤスタ"," ","ＤＡＺＮ"
"2023","Ｊ２","第１６節第１日","05/17(水)","19:00","秋田","vs","甲府","ソユスタ"," ","ＤＡＺＮ"
"2023","Ｊ２","第１６節第１日","05/17(水)","19:00","いわき","vs","大宮","いわきＧ"," ","ＤＡＺＮ"
"2023","Ｊ２","第１６節第１日","05/17(水)","19:00","栃木","vs","東京Ｖ","カンセキ"," ","ＤＡＺＮ"
"2023","Ｊ２","第１６節第１日","05/17(水)","19:00","群馬","vs","水戸","正田スタ"," ","ＤＡＺＮ"
"2023","Ｊ２","第１６節第１日","05/17(水)","19:00","千葉","vs","清水","フクアリ"," ","ＤＡＺＮ"
"2023","Ｊ２","第１６節第１日","05/17(水)","19:00","町田","vs","山口","Ｇスタ"," ","ＤＡＺＮ"
"2023","Ｊ２","第１６節第１日","05/17(水)","19:00","藤枝","vs","磐田","藤枝サ"," ","ＤＡＺＮ"
"2023","Ｊ２","第１６節第１日","05/17(水)","19:00","徳島","vs","金沢","鳴門大塚"," ","ＤＡＺＮ"
"2023","Ｊ２","第１６節第１日","05/17(水)","19:00","長崎","vs","岡山","トラスタ"," ","ＤＡＺＮ"
"2023","Ｊ２","第１６節第１日","05/17(水)","19:00","熊本","vs","仙台","えがおＳ"," ","ＤＡＺＮ"
"2023","Ｊ１","第１４節第１日","05/19(金)","19:30","札幌","vs","京都","札幌ド"," ","ＤＡＺＮ"
"2023","Ｊ１","第１４節第２日","05/20(土)","13:00","福岡","vs","浦和","ベススタ"," ","ＤＡＺＮ／九州朝日放送"
"2023","Ｊ１","第１４節第２日","05/20(土)","15:00","鹿島","vs","FC東京","カシマ"," ","ＤＡＺＮ"
"2023","Ｊ１","第１４節第２日","05/20(土)","15:00","湘南","vs","Ｃ大阪","レモンＳ"," ","ＤＡＺＮ"
"2023","Ｊ１","第１４節第２日","05/20(土)","15:00","名古屋","vs","広島","豊田ス"," ","ＤＡＺＮ"
"2023","Ｊ１","第１４節第２日","05/20(土)","16:00","柏","vs","神戸","三協Ｆ柏"," ","ＤＡＺＮ"
"2023","Ｊ１","第１４節第２日","05/20(土)","16:00","横浜FC","vs","川崎Ｆ","ニッパツ"," ","ＤＡＺＮ"
"2023","Ｊ１","第１４節第２日","05/20(土)","17:00","鳥栖","vs","新潟","駅スタ"," ","ＤＡＺＮ"
"2023","Ｊ１","第１４節第２日","05/20(土)","19:00","Ｇ大阪","vs","横浜FM","パナスタ"," ","ＤＡＺＮ／ＮＨＫ　ＢＳ１"
"2023","Ｊ２","第１７節第１日","05/21(日)","14:00","山形","vs","秋田","ＮＤスタ"," ","ＤＡＺＮ"
"2023","Ｊ２","第１７節第１日","05/21(日)","14:00","大宮","vs","仙台","ＮＡＣＫ"," ","ＤＡＺＮ"
"2023","Ｊ２","第１７節第１日","05/21(日)","14:00","千葉","vs","栃木","フクアリ"," ","ＤＡＺＮ"
"2023","Ｊ２","第１７節第１日","05/21(日)","14:00","町田","vs","清水","Ｇスタ"," ","ＤＡＺＮ"
"2023","Ｊ２","第１７節第１日","05/21(日)","14:00","金沢","vs","甲府","石川西部"," ","ＤＡＺＮ"
"2023","Ｊ２","第１７節第１日","05/21(日)","14:00","藤枝","vs","徳島","藤枝サ"," ","ＤＡＺＮ"
"2023","Ｊ２","第１７節第１日","05/21(日)","14:00","山口","vs","東京Ｖ","みらスタ"," ","ＤＡＺＮ"
"2023","Ｊ２","第１７節第１日","05/21(日)","14:00","大分","vs","長崎","レゾド"," ","ＤＡＺＮ"
"2023","Ｊ２","第１７節第１日","05/21(日)","15:00","水戸","vs","熊本","Ｋｓスタ"," ","ＤＡＺＮ"
"2023","Ｊ２","第１７節第１日","05/21(日)","16:00","磐田","vs","いわき","ヤマハ"," ","ＤＡＺＮ"
"2023","Ｊ２","第１７節第１日","05/21(日)","19:00","岡山","vs","群馬","Ｃスタ"," ","ＤＡＺＮ"
"2023","ＹＬＣ グループステージＡグループ","第５節第１日","05/24(水)","19:00","札幌","vs","横浜FM","札幌ド"," ","ＴＶ放送：フジテレビＮＥＸＴ／インターネット配信：ＦＯＤ／ＳＰＯＯＸ"
"2023","ＹＬＣ グループステージＡグループ","第５節第１日","05/24(水)","19:00","鳥栖","vs","磐田","駅スタ"," ","ＴＶ放送：スカパー！／インターネット配信：ＳＰＯＯＸ"
"2023","ＹＬＣ グループステージＢグループ","第５節第１日","05/24(水)","19:00","清水","vs","湘南","アイスタ"," ","ＴＶ放送：スカパー！／インターネット配信：ＳＰＯＯＸ"
"2023","ＹＬＣ グループステージＢグループ","第５節第１日","05/24(水)","19:30","浦和","vs","川崎Ｆ","埼玉"," ","ＴＶ放送：フジテレビＴＷＯ／インターネット配信：ＦＯＤ／ＳＰＯＯＸ"
"2023","ＹＬＣ グループステージＣグループ","第５節第１日","05/24(水)","19:00","横浜FC","vs","広島","ニッパツ"," ","ＴＶ放送：スカパー！／インターネット配信：ＳＰＯＯＸ"
"2023","ＹＬＣ グループステージＣグループ","第５節第１日","05/24(水)","19:30","名古屋","vs","神戸","豊田ス"," ","ＴＶ放送：スカパー！／インターネット配信：ＳＰＯＯＸ"
"2023","ＹＬＣ グループステージＤグループ","第５節第１日","05/24(水)","19:00","鹿島","vs","柏","カシマ"," ","ＴＶ放送：スカパー！／インターネット配信：ＳＰＯＯＸ"
"2023","ＹＬＣ グループステージＤグループ","第５節第１日","05/24(水)","19:00","新潟","vs","福岡","デンカＳ"," ","ＴＶ放送：スカパー！／インターネット配信：ＳＰＯＯＸ"
"2023","ＹＬＣ グループステージＥグループ","第５節第１日","05/24(水)","19:00","FC東京","vs","Ｃ大阪","味スタ"," ","ＴＶ放送：スカパー！／インターネット配信：ＳＰＯＯＸ"
"2023","ＹＬＣ グループステージＥグループ","第５節第１日","05/24(水)","19:00","Ｇ大阪","vs","京都","パナスタ"," ","ＴＶ放送：スカパー！／インターネット配信：ＳＰＯＯＸ"
"2023","Ｊ１","第１５節第１日","05/27(土)","13:00","札幌","vs","名古屋","札幌ド"," ","ＤＡＺＮ"
"2023","Ｊ１","第１５節第１日","05/27(土)","14:00","神戸","vs","FC東京","ノエスタ"," ","ＤＡＺＮ"
"2023","Ｊ１","第１５節第１日","05/27(土)","14:00","広島","vs","湘南","Ｅスタ"," ","ＤＡＺＮ／広島ホームテレビ"
"2023","Ｊ１","第１５節第１日","05/27(土)","17:00","鳥栖","vs","鹿島","駅スタ"," ","ＤＡＺＮ"
"2023","Ｊ１","第１５節第１日","05/27(土)","19:00","京都","vs","浦和","サンガＳ"," ","ＤＡＺＮ／ＮＨＫ　ＢＳ１"
"2023","Ｊ２","第１８節第１日","05/27(土)","14:00","甲府","vs","大宮","ＪＩＴス"," ","ＤＡＺＮ"
"2023","Ｊ２","第１８節第１日","05/27(土)","14:00","長崎","vs","磐田","トラスタ"," ","ＤＡＺＮ"
"2023","Ｊ３","第１１節第１日","05/27(土)","13:00","YS横浜","vs","北九州","ニッパツ"," ","ＤＡＺＮ"
"2023","Ｊ３","第１１節第１日","05/27(土)","14:00","FC大阪","vs","八戸","花園"," ","ＤＡＺＮ"
"2023","Ｊ３","第１１節第１日","05/27(土)","14:00","讃岐","vs","奈良","ピカスタ"," ","ＤＡＺＮ"
"2023","Ｊ３","第１１節第１日","05/27(土)","15:00","愛媛","vs","福島","ニンスタ"," ","ＤＡＺＮ／南海放送（録）"
"2023","Ｊ１","第１５節第２日","05/28(日)","14:00","横浜FM","vs","福岡","日産ス"," ","ＤＡＺＮ"
"2023","Ｊ１","第１５節第２日","05/28(日)","14:00","新潟","vs","Ｇ大阪","デンカＳ"," ","ＤＡＺＮ"
"2023","Ｊ１","第１５節第２日","05/28(日)","14:00","Ｃ大阪","vs","横浜FC","ヨドコウ"," ","ＤＡＺＮ"
"2023","Ｊ１","第１５節第２日","05/28(日)","17:00","川崎Ｆ","vs","柏","等々力"," ","ＤＡＺＮ"
"2023","Ｊ２","第１８節第２日","05/28(日)","14:00","仙台","vs","千葉","ユアスタ"," ","ＤＡＺＮ"
"2023","Ｊ２","第１８節第２日","05/28(日)","14:00","秋田","vs","大分","ソユスタ"," ","ＤＡＺＮ"
"2023","Ｊ２","第１８節第２日","05/28(日)","14:00","栃木","vs","岡山","カンセキ"," ","ＤＡＺＮ／とちぎテレビ"
"2023","Ｊ２","第１８節第２日","05/28(日)","14:00","群馬","vs","藤枝","正田スタ"," ","ＤＡＺＮ／群馬テレビ"
"2023","Ｊ２","第１８節第２日","05/28(日)","14:00","東京Ｖ","vs","いわき","味スタ"," ","ＤＡＺＮ"
"2023","Ｊ２","第１８節第２日","05/28(日)","14:00","清水","vs","金沢","アイスタ"," ","ＤＡＺＮ"
"2023","Ｊ２","第１８節第２日","05/28(日)","14:00","徳島","vs","町田","鳴門大塚"," ","ＤＡＺＮ"
"2023","Ｊ２","第１８節第２日","05/28(日)","14:00","熊本","vs","山形","えがおＳ"," ","ＤＡＺＮ"
"2023","Ｊ２","第１８節第２日","05/28(日)","15:00","水戸","vs","山口","Ｋｓスタ"," ","ＤＡＺＮ"
"2023","Ｊ３","第１１節第２日","05/28(日)","12:00","松本","vs","鹿児島","サンアル"," ","ＤＡＺＮ／長野放送"
"2023","Ｊ３","第１１節第２日","05/28(日)","13:00","今治","vs","鳥取","里山Ｓ"," ","ＤＡＺＮ／愛媛朝日テレビ（録）"
"2023","Ｊ３","第１１節第２日","05/28(日)","13:00","宮崎","vs","岩手","ユニスタ"," ","ＤＡＺＮ"
"2023","Ｊ３","第１１節第２日","05/28(日)","14:00","相模原","vs","琉球","ギオンス"," ","ＤＡＺＮ"
"2023","Ｊ３","第１１節第２日","05/28(日)","14:00","沼津","vs","長野","愛鷹"," ","ＤＡＺＮ"
"2023","Ｊ３","第１１節第２日","05/28(日)","19:00","岐阜","vs","富山","長良川"," ","ＤＡＺＮ"
"2023","Ｊ１","第１１節第２日","05/31(水)","19:30","浦和","vs","広島","埼玉"," ","ＤＡＺＮ"
"2023","Ｊ１","第１６節第１日","06/03(土)","14:00","神戸","vs","川崎Ｆ","ノエスタ"," ","ＤＡＺＮ"
"2023","Ｊ１","第１６節第１日","06/03(土)","15:00","FC東京","vs","横浜FM","味スタ"," ","ＤＡＺＮ"
"2023","Ｊ１","第１６節第１日","06/03(土)","15:00","湘南","vs","新潟","レモンＳ"," ","ＤＡＺＮ"
"2023","Ｊ１","第１６節第１日","06/03(土)","16:00","名古屋","vs","Ｃ大阪","豊田ス"," ","ＤＡＺＮ"
"2023","Ｊ１","第１６節第１日","06/03(土)","18:00","福岡","vs","Ｇ大阪","ベススタ"," ","ＤＡＺＮ"
"2023","Ｊ１","第１６節第１日","06/03(土)","18:30","横浜FC","vs","鳥栖","ニッパツ"," ","ＤＡＺＮ"
"2023","Ｊ１","第１６節第１日","06/03(土)","19:00","柏","vs","札幌","三協Ｆ柏"," ","ＤＡＺＮ／ＮＨＫ　ＢＳ１"
"2023","Ｊ２","第１９節第１日","06/03(土)","13:00","いわき","vs","熊本","いわきＧ"," ","ＤＡＺＮ／福島中央テレビ"
"2023","Ｊ２","第１９節第１日","06/03(土)","14:00","山形","vs","清水","ＮＤスタ"," ","ＤＡＺＮ／さくらんぼテレビ"
"2023","Ｊ２","第１９節第１日","06/03(土)","14:00","大宮","vs","水戸","ＮＡＣＫ"," ","ＤＡＺＮ"
"2023","Ｊ２","第１９節第１日","06/03(土)","14:00","金沢","vs","群馬","石川西部"," ","ＤＡＺＮ"
"2023","Ｊ２","第１９節第１日","06/03(土)","14:00","藤枝","vs","栃木","藤枝サ"," ","ＤＡＺＮ"
"2023","Ｊ２","第１９節第１日","06/03(土)","14:00","山口","vs","長崎","みらスタ"," ","ＤＡＺＮ"
"2023","Ｊ２","第１９節第１日","06/03(土)","16:00","磐田","vs","秋田","ヤマハ"," ","ＤＡＺＮ"
"2023","Ｊ２","第１９節第１日","06/03(土)","18:00","千葉","vs","町田","フクアリ"," ","ＤＡＺＮ"
"2023","Ｊ２","第１９節第１日","06/03(土)","19:00","岡山","vs","徳島","Ｃスタ"," ","ＤＡＺＮ"
"2023","Ｊ３","第１２節第１日","06/03(土)","13:00","福島","vs","YS横浜","あいづ"," ","ＤＡＺＮ"
"2023","Ｊ３","第１２節第１日","06/03(土)","14:00","松本","vs","相模原","サンアル"," ","ＤＡＺＮ／長野朝日放送"
"2023","Ｊ３","第１２節第１日","06/03(土)","14:00","北九州","vs","愛媛","ミクスタ"," ","ＤＡＺＮ"
"2023","Ｊ３","第１２節第１日","06/03(土)","15:00","奈良","vs","鹿児島","ロートＦ"," ","ＤＡＺＮ"
"2023","Ｊ３","第１２節第１日","06/03(土)","18:00","岩手","vs","今治","いわスタ"," ","ＤＡＺＮ"
"2023","Ｊ３","第１２節第１日","06/03(土)","18:30","琉球","vs","沼津","タピスタ"," ","ＤＡＺＮ"
"2023","Ｊ１","第１６節第２日","06/04(日)","14:00","広島","vs","京都","Ｅスタ"," ","ＤＡＺＮ／広島ホームテレビ"
"2023","Ｊ１","第１６節第２日","06/04(日)","17:00","浦和","vs","鹿島","埼玉"," ","ＤＡＺＮ"
"2023","Ｊ２","第１９節第２日","06/04(日)","14:00","東京Ｖ","vs","仙台","味スタ"," ","ＤＡＺＮ"
"2023","Ｊ２","第１９節第２日","06/04(日)","14:00","大分","vs","甲府","レゾド"," ","ＤＡＺＮ"
"2023","Ｊ３","第１２節第２日","06/04(日)","13:00","FC大阪","vs","長野","花園"," ","ＤＡＺＮ"
"2023","Ｊ３","第１２節第２日","06/04(日)","13:00","鳥取","vs","岐阜","Ａｘｉｓ"," ","ＤＡＺＮ"
"2023","Ｊ３","第１２節第２日","06/04(日)","14:00","八戸","vs","宮崎","プラスタ"," ","ＤＡＺＮ"
"2023","Ｊ３","第１２節第２日","06/04(日)","14:00","富山","vs","讃岐","富山"," ","ＤＡＺＮ"
"2023","Ｊ１","第１７節第１日","06/10(土)","16:00","横浜FM","vs","柏","日産ス"," ","ＤＡＺＮ"
"2023","Ｊ１","第１７節第１日","06/10(土)","19:00","Ｃ大阪","vs","神戸","ヨドコウ"," ","ＤＡＺＮ／ＮＨＫ　ＢＳ１"
"2023","Ｊ１","第１７節第１日","06/10(土)","19:00","鳥栖","vs","札幌","駅スタ"," ","ＤＡＺＮ"
"2023","Ｊ３","第１３節第１日","06/10(土)","17:00","YS横浜","vs","愛媛","ニッパツ"," ","ＤＡＺＮ"
"2023","Ｊ３","第１３節第１日","06/10(土)","19:00","鹿児島","vs","八戸","白波スタ"," ","ＤＡＺＮ"
"2023","Ｊ１","第１７節第２日","06/11(日)","14:00","新潟","vs","京都","デンカＳ"," ","ＤＡＺＮ"
"2023","Ｊ１","第１７節第２日","06/11(日)","16:00","名古屋","vs","福岡","豊田ス"," ","ＤＡＺＮ"
"2023","Ｊ１","第１７節第２日","06/11(日)","18:00","鹿島","vs","湘南","カシマ"," ","ＤＡＺＮ"
"2023","Ｊ１","第１７節第２日","06/11(日)","18:00","Ｇ大阪","vs","FC東京","パナスタ"," ","ＤＡＺＮ"
"2023","Ｊ１","第１７節第２日","06/11(日)","18:30","横浜FC","vs","浦和","ニッパツ"," ","ＤＡＺＮ"
"2023","Ｊ１","第１７節第２日","06/11(日)","19:00","川崎Ｆ","vs","広島","等々力"," ","ＤＡＺＮ"
"2023","Ｊ２","第２０節第１日","06/11(日)","13:05","仙台","vs","磐田","ユアスタ"," ","ＤＡＺＮ／ＮＨＫ仙台"
"2023","Ｊ２","第２０節第１日","06/11(日)","14:00","秋田","vs","金沢","ソユスタ"," ","ＤＡＺＮ"
"2023","Ｊ２","第２０節第１日","06/11(日)","14:00","山形","vs","いわき","ＮＤスタ"," ","ＤＡＺＮ"
"2023","Ｊ２","第２０節第１日","06/11(日)","14:00","町田","vs","長崎","Ｇスタ"," ","ＤＡＺＮ"
"2023","Ｊ２","第２０節第１日","06/11(日)","16:00","水戸","vs","千葉","Ｋｓスタ"," ","ＤＡＺＮ"
"2023","Ｊ２","第２０節第１日","06/11(日)","16:00","甲府","vs","山口","ＪＩＴス"," ","ＤＡＺＮ"
"2023","Ｊ２","第２０節第１日","06/11(日)","16:00","徳島","vs","栃木","鳴門大塚"," ","ＤＡＺＮ"
"2023","Ｊ２","第２０節第１日","06/11(日)","18:00","群馬","vs","大分","正田スタ"," ","ＤＡＺＮ"
"2023","Ｊ２","第２０節第１日","06/11(日)","18:00","大宮","vs","藤枝","ＮＡＣＫ"," ","ＤＡＺＮ"
"2023","Ｊ２","第２０節第１日","06/11(日)","19:00","岡山","vs","東京Ｖ","Ｃスタ"," ","ＤＡＺＮ"
"2023","Ｊ２","第２０節第１日","06/11(日)","19:00","熊本","vs","清水","えがおＳ"," ","ＤＡＺＮ"
"2023","Ｊ３","第１３節第２日","06/11(日)","14:00","富山","vs","鳥取","富山"," ","ＤＡＺＮ"
"2023","Ｊ３","第１３節第２日","06/11(日)","14:00","沼津","vs","岐阜","愛鷹"," ","ＤＡＺＮ"
"2023","Ｊ３","第１３節第２日","06/11(日)","15:00","福島","vs","FC大阪","とうスタ"," ","ＤＡＺＮ"
"2023","Ｊ３","第１３節第２日","06/11(日)","16:00","讃岐","vs","岩手","ピカスタ"," ","ＤＡＺＮ"
"2023","Ｊ３","第１３節第２日","06/11(日)","16:00","北九州","vs","奈良","ミクスタ"," ","ＤＡＺＮ"
"2023","Ｊ３","第１３節第２日","06/11(日)","18:00","相模原","vs","宮崎","ギオンス"," ","ＤＡＺＮ"
"2023","Ｊ３","第１３節第２日","06/11(日)","18:00","長野","vs","琉球","長野Ｕ"," ","ＤＡＺＮ"
"2023","Ｊ３","第１３節第２日","06/11(日)","18:00","今治","vs","松本","里山Ｓ"," ","ＤＡＺＮ／愛媛朝日テレビ（録）"
"2023","Ｊ２","第２１節第１日","06/17(土)","14:00","藤枝","vs","熊本","藤枝サ"," ","ＤＡＺＮ"
"2023","Ｊ２","第２１節第１日","06/17(土)","18:00","金沢","vs","水戸","石川西部"," ","ＤＡＺＮ"
"2023","Ｊ２","第２１節第１日","06/17(土)","19:00","徳島","vs","山形","鳴門大塚"," ","ＤＡＺＮ"
"2023","Ｊ２","第２１節第１日","06/17(土)","19:00","長崎","vs","大宮","トラスタ"," ","ＤＡＺＮ"
"2023","Ｊ２","第２１節第１日","06/17(土)","19:00","大分","vs","岡山","レゾド"," ","ＤＡＺＮ"
"2023","Ｊ３","第１４節第１日","06/17(土)","17:00","宮崎","vs","今治","ユニスタ"," ","ＤＡＺＮ"
"2023","Ｊ３","第１４節第１日","06/17(土)","18:00","岩手","vs","富山","いわスタ"," ","ＤＡＺＮ"
"2023","Ｊ３","第１４節第１日","06/17(土)","18:00","松本","vs","讃岐","サンアル"," ","ＤＡＺＮ"
"2023","Ｊ３","第１４節第１日","06/17(土)","18:00","愛媛","vs","奈良","ニンスタ"," ","ＤＡＺＮ／南海放送（録）"
"2023","Ｊ３","第１４節第１日","06/17(土)","19:00","鳥取","vs","北九州","Ａｘｉｓ"," ","ＤＡＺＮ"
"2023","ＹＬＣ グループステージＡグループ","第６節第１日","06/18(日)","18:00","札幌","vs","磐田","札幌ド"," ","ＴＶ放送：スカパー！／インターネット配信：ＳＰＯＯＸ"
"2023","ＹＬＣ グループステージＡグループ","第６節第１日","06/18(日)","18:00","横浜FM","vs","鳥栖","ニッパツ"," ","ＴＶ放送：スカパー！／インターネット配信：ＳＰＯＯＸ"
"2023","ＹＬＣ グループステージＢグループ","第６節第１日","06/18(日)","18:00","湘南","vs","川崎Ｆ","レモンＳ"," ","ＴＶ放送：スカパー！／インターネット配信：ＳＰＯＯＸ"
"2023","ＹＬＣ グループステージＢグループ","第６節第１日","06/18(日)","18:00","清水","vs","浦和","アイスタ"," ","ＴＶ放送：フジテレビＴＷＯ／インターネット配信：ＦＯＤ／ＳＰＯＯＸ"
"2023","ＹＬＣ グループステージＣグループ","第６節第１日","06/18(日)","18:00","名古屋","vs","広島","豊田ス"," ","ＴＶ放送：スカパー！／インターネット配信：ＳＰＯＯＸ"
"2023","ＹＬＣ グループステージＣグループ","第６節第１日","06/18(日)","18:00","神戸","vs","横浜FC","ノエスタ"," ","ＴＶ放送：スカパー！／インターネット配信：ＳＰＯＯＸ"
"2023","ＹＬＣ グループステージＤグループ","第６節第１日","06/18(日)","18:00","鹿島","vs","新潟","カシマ"," ","ＴＶ放送：スカパー！／インターネット配信：ＳＰＯＯＸ"
"2023","ＹＬＣ グループステージＤグループ","第６節第１日","06/18(日)","18:00","柏","vs","福岡","三協Ｆ柏"," ","ＴＶ放送：スカパー！／インターネット配信：ＳＰＯＯＸ"
"2023","ＹＬＣ グループステージＥグループ","第６節第１日","06/18(日)","18:00","京都","vs","FC東京","サンガＳ"," ","ＴＶ放送：フジテレビＮＥＸＴ／インターネット配信：ＦＯＤ／ＳＰＯＯＸ"
"2023","ＹＬＣ グループステージＥグループ","第６節第１日","06/18(日)","18:00","Ｃ大阪","vs","Ｇ大阪","ヨドコウ"," ","ＴＶ放送：スカパー！／インターネット配信：ＳＰＯＯＸ"
"2023","Ｊ２","第２１節第２日","06/18(日)","14:00","山口","vs","仙台","みらスタ"," ","ＤＡＺＮ"
"2023","Ｊ２","第２１節第２日","06/18(日)","16:00","いわき","vs","千葉","いわきＧ"," ","ＤＡＺＮ"
"2023","Ｊ２","第２１節第２日","06/18(日)","18:00","栃木","vs","町田","カンセキ"," ","ＤＡＺＮ"
"2023","Ｊ２","第２１節第２日","06/18(日)","18:00","東京Ｖ","vs","群馬","味スタ"," ","ＤＡＺＮ"
"2023","Ｊ３","第１４節第２日","06/18(日)","14:00","八戸","vs","福島","プラスタ"," ","ＤＡＺＮ"
"2023","Ｊ３","第１４節第２日","06/18(日)","14:00","長野","vs","鹿児島","長野Ｕ"," ","ＤＡＺＮ／信越放送"
"2023","Ｊ３","第１４節第２日","06/18(日)","14:00","沼津","vs","YS横浜","愛鷹"," ","ＤＡＺＮ"
"2023","Ｊ３","第１４節第２日","06/18(日)","17:00","FC大阪","vs","琉球","花園"," ","ＤＡＺＮ"
"2023","Ｊ３","第１４節第２日","06/18(日)","19:00","岐阜","vs","相模原","長良川"," ","ＤＡＺＮ"
"2023","Ｊ１","第１８節第１日","06/24(土)","14:00","札幌","vs","Ｃ大阪","札幌ド"," ","ＤＡＺＮ"
"2023","Ｊ１","第１８節第１日","06/24(土)","19:00","柏","vs","新潟","三協Ｆ柏"," ","ＤＡＺＮ"
"2023","Ｊ１","第１８節第１日","06/24(土)","19:00","FC東京","vs","名古屋","味スタ"," ","ＤＡＺＮ"
"2023","Ｊ１","第１８節第１日","06/24(土)","19:00","湘南","vs","鳥栖","レモンＳ"," ","ＤＡＺＮ"
"2023","Ｊ１","第１８節第１日","06/24(土)","19:00","京都","vs","横浜FC","サンガＳ"," ","ＤＡＺＮ／ＫＢＳ京都"
"2023","Ｊ１","第１８節第１日","06/24(土)","19:00","Ｇ大阪","vs","鹿島","パナスタ"," ","ＤＡＺＮ"
"2023","Ｊ１","第１８節第１日","06/24(土)","19:00","広島","vs","横浜FM","Ｅスタ"," ","ＤＡＺＮ／ＮＨＫ　ＢＳ１"
"2023","Ｊ１","第１８節第１日","06/24(土)","19:30","浦和","vs","川崎Ｆ","埼玉"," ","ＤＡＺＮ"
"2023","Ｊ２","第２２節第１日","06/24(土)","14:00","秋田","vs","藤枝","ソユスタ"," ","ＤＡＺＮ"
"2023","Ｊ２","第２２節第１日","06/24(土)","18:00","水戸","vs","町田","Ｋｓスタ"," ","ＤＡＺＮ"
"2023","Ｊ２","第２２節第１日","06/24(土)","18:00","栃木","vs","山口","カンセキ"," ","ＤＡＺＮ／とちぎテレビ"
"2023","Ｊ２","第２２節第１日","06/24(土)","18:00","大宮","vs","いわき","ＮＡＣＫ"," ","ＤＡＺＮ"
"2023","Ｊ２","第２２節第１日","06/24(土)","18:00","甲府","vs","岡山","ＪＩＴス"," ","ＤＡＺＮ"
"2023","Ｊ２","第２２節第１日","06/24(土)","19:00","山形","vs","東京Ｖ","ＮＤスタ"," ","ＤＡＺＮ"
"2023","Ｊ２","第２２節第１日","06/24(土)","19:00","千葉","vs","大分","フクアリ"," ","ＤＡＺＮ"
"2023","Ｊ２","第２２節第１日","06/24(土)","19:00","長崎","vs","金沢","トラスタ"," ","ＤＡＺＮ"
"2023","Ｊ３","第１５節第１日","06/24(土)","15:00","奈良","vs","沼津","ロートＦ"," ","ＤＡＺＮ"
"2023","Ｊ３","第１５節第１日","06/24(土)","17:00","YS横浜","vs","FC大阪","ニッパツ"," ","ＤＡＺＮ"
"2023","Ｊ３","第１５節第１日","06/24(土)","18:00","岩手","vs","松本","いわスタ"," ","ＤＡＺＮ"
"2023","Ｊ３","第１５節第１日","06/24(土)","18:00","富山","vs","八戸","富山"," ","ＤＡＺＮ"
"2023","Ｊ３","第１５節第１日","06/24(土)","18:00","愛媛","vs","相模原","ニンスタ"," ","ＤＡＺＮ／南海放送（録）"
"2023","Ｊ３","第１５節第１日","06/24(土)","18:00","今治","vs","讃岐","里山Ｓ"," ","ＤＡＺＮ／愛媛朝日テレビ（録）"
"2023","Ｊ３","第１５節第１日","06/24(土)","18:00","北九州","vs","長野","ミクスタ"," ","ＤＡＺＮ"
"2023","Ｊ３","第１５節第１日","06/24(土)","18:30","琉球","vs","宮崎","タピスタ"," ","ＤＡＺＮ"
"2023","Ｊ３","第１５節第１日","06/24(土)","19:00","福島","vs","岐阜","とうスタ"," ","ＤＡＺＮ"
"2023","Ｊ３","第１５節第１日","06/24(土)","19:00","鹿児島","vs","鳥取","白波スタ"," ","ＤＡＺＮ"
"2023","Ｊ１","第１８節第２日","06/25(日)","19:00","福岡","vs","神戸","ベススタ"," ","ＤＡＺＮ"
"2023","Ｊ２","第２２節第２日","06/25(日)","18:00","仙台","vs","徳島","ユアスタ"," ","ＤＡＺＮ"
"2023","Ｊ２","第２２節第２日","06/25(日)","19:00","熊本","vs","磐田","えがおＳ"," ","ＤＡＺＮ"
"2023","Ｊ２","第２２節第２日","06/25(日)","19:30","群馬","vs","清水","正田スタ"," ","ＤＡＺＮ"
"2023","Ｊ１","第１２節第３日","06/28(水)","19:30","浦和","vs","湘南","埼玉"," ","ＤＡＺＮ"
"2023","Ｊ２","第２１節第３日","06/28(水)","19:00","清水","vs","秋田","アイスタ"," ","ＤＡＺＮ"
"2023","Ｊ２","第２１節第３日","06/28(水)","19:00","磐田","vs","甲府","ヤマハ"," ","ＤＡＺＮ"
"2023","Ｊ１","第１９節第１日","06/30(金)","19:00","Ｃ大阪","vs","福岡","ヨドコウ"," ","ＤＡＺＮ"
"2023","Ｊ１","第１９節第２日","07/01(土)","18:00","鹿島","vs","京都","カシマ"," ","ＤＡＺＮ"
"2023","Ｊ１","第１９節第２日","07/01(土)","18:00","新潟","vs","広島","デンカＳ"," ","ＤＡＺＮ"
"2023","Ｊ１","第１９節第２日","07/01(土)","18:00","名古屋","vs","川崎Ｆ","豊田ス"," ","ＤＡＺＮ"
"2023","Ｊ１","第１９節第２日","07/01(土)","18:30","横浜FC","vs","Ｇ大阪","ニッパツ"," ","ＤＡＺＮ"
"2023","Ｊ１","第１９節第２日","07/01(土)","19:00","FC東京","vs","柏","味スタ"," ","ＤＡＺＮ"
"2023","Ｊ１","第１９節第２日","07/01(土)","19:00","神戸","vs","札幌","ノエスタ"," ","ＤＡＺＮ"
"2023","Ｊ１","第１９節第２日","07/01(土)","19:00","鳥栖","vs","浦和","駅スタ"," ","ＤＡＺＮ／ＮＨＫ　ＢＳ１"
"2023","Ｊ２","第２３節第１日","07/01(土)","18:00","町田","vs","大宮","Ｇスタ"," ","ＤＡＺＮ"
"2023","Ｊ２","第２３節第１日","07/01(土)","18:00","清水","vs","長崎","アイスタ"," ","ＤＡＺＮ"
"2023","Ｊ２","第２３節第１日","07/01(土)","19:00","千葉","vs","甲府","フクアリ"," ","ＤＡＺＮ"
"2023","Ｊ２","第２３節第１日","07/01(土)","19:00","金沢","vs","栃木","石川西部"," ","ＤＡＺＮ"
"2023","Ｊ２","第２３節第１日","07/01(土)","19:00","磐田","vs","大分","ヤマハ"," ","ＤＡＺＮ"
"2023","Ｊ２","第２３節第１日","07/01(土)","19:00","藤枝","vs","山口","藤枝サ"," ","ＤＡＺＮ"
"2023","Ｊ２","第２３節第１日","07/01(土)","19:00","岡山","vs","水戸","Ｃスタ"," ","ＤＡＺＮ"
"2023","Ｊ２","第２３節第１日","07/01(土)","19:00","徳島","vs","群馬","鳴門大塚"," ","ＤＡＺＮ"
"2023","Ｊ２","第２３節第１日","07/01(土)","19:30","山形","vs","仙台","ＮＤスタ"," ","ＤＡＺＮ／ＮＨＫ山形"
"2023","Ｊ３","第１６節第１日","07/01(土)","17:00","宮崎","vs","YS横浜","ユニスタ"," ","ＤＡＺＮ"
"2023","Ｊ３","第１６節第１日","07/01(土)","18:00","相模原","vs","八戸","ギオンス"," ","ＤＡＺＮ"
"2023","Ｊ３","第１６節第１日","07/01(土)","18:00","松本","vs","愛媛","サンアル"," ","ＤＡＺＮ"
"2023","Ｊ３","第１６節第１日","07/01(土)","18:00","長野","vs","今治","長野Ｕ"," ","ＤＡＺＮ"
"2023","Ｊ３","第１６節第１日","07/01(土)","18:00","富山","vs","鹿児島","富山"," ","ＤＡＺＮ"
"2023","Ｊ３","第１６節第１日","07/01(土)","19:00","福島","vs","奈良","とうスタ"," ","ＤＡＺＮ"
"2023","Ｊ３","第１６節第１日","07/01(土)","19:00","鳥取","vs","FC大阪","Ａｘｉｓ"," ","ＤＡＺＮ"
"2023","Ｊ３","第１６節第１日","07/01(土)","","沼津","vs","北九州","愛鷹"," ","ＤＡＺＮ"
"2023","Ｊ１","第１９節第３日","07/02(日)","19:00","横浜FM","vs","湘南","日産ス"," ","ＤＡＺＮ"
"2023","Ｊ２","第２３節第２日","07/02(日)","18:00","秋田","vs","いわき","ソユスタ"," ","ＤＡＺＮ"
"2023","Ｊ２","第２３節第２日","07/02(日)","19:00","熊本","vs","東京Ｖ","えがおＳ"," ","ＤＡＺＮ"
"2023","Ｊ３","第１６節第２日","07/02(日)","16:00","讃岐","vs","琉球","ピカスタ"," ","ＤＡＺＮ"
"2023","Ｊ３","第１６節第２日","07/02(日)","19:00","岐阜","vs","岩手","長良川"," ","ＤＡＺＮ"
"2023","Ｊ２","第２４節第１日","07/05(水)","19:00","仙台","vs","清水","ユアスタ"," ","ＤＡＺＮ"
"2023","Ｊ２","第２４節第１日","07/05(水)","19:00","いわき","vs","栃木","いわきＧ"," ","ＤＡＺＮ"
"2023","Ｊ２","第２４節第１日","07/05(水)","19:00","水戸","vs","徳島","Ｋｓスタ"," ","ＤＡＺＮ"
"2023","Ｊ２","第２４節第１日","07/05(水)","19:00","群馬","vs","熊本","正田スタ"," ","ＤＡＺＮ／群馬テレビ"
"2023","Ｊ２","第２４節第１日","07/05(水)","19:00","大宮","vs","千葉","ＮＡＣＫ"," ","ＤＡＺＮ"
"2023","Ｊ２","第２４節第１日","07/05(水)","19:00","東京Ｖ","vs","長崎","味スタ"," ","ＤＡＺＮ"
"2023","Ｊ２","第２４節第１日","07/05(水)","19:00","甲府","vs","秋田","ＪＩＴス"," ","ＤＡＺＮ"
"2023","Ｊ２","第２４節第１日","07/05(水)","19:00","磐田","vs","金沢","ヤマハ"," ","ＤＡＺＮ"
"2023","Ｊ２","第２４節第１日","07/05(水)","19:00","岡山","vs","藤枝","Ｃスタ"," ","ＤＡＺＮ"
"2023","Ｊ２","第２４節第１日","07/05(水)","19:00","山口","vs","山形","みらスタ"," ","ＤＡＺＮ"
"2023","Ｊ２","第２４節第１日","07/05(水)","19:00","大分","vs","町田","レゾド"," ","ＤＡＺＮ"
"2023","Ｊ１","第２０節第１日","07/07(金)","19:00","新潟","vs","神戸","デンカＳ"," ","ＤＡＺＮ"
"2023","Ｊ１","第２０節第２日","07/08(土)","18:00","名古屋","vs","横浜FM","豊田ス"," ","ＤＡＺＮ"
"2023","Ｊ１","第２０節第２日","07/08(土)","18:30","広島","vs","鹿島","Ｅスタ"," ","ＤＡＺＮ"
"2023","Ｊ１","第２０節第２日","07/08(土)","19:00","浦和","vs","FC東京","埼玉"," ","ＤＡＺＮ"
"2023","Ｊ１","第２０節第２日","07/08(土)","19:00","柏","vs","湘南","三協Ｆ柏"," ","ＤＡＺＮ"
"2023","Ｊ１","第２０節第２日","07/08(土)","19:00","川崎Ｆ","vs","横浜FC","等々力"," ","ＤＡＺＮ"
"2023","Ｊ１","第２０節第２日","07/08(土)","19:00","Ｇ大阪","vs","京都","パナスタ"," ","ＤＡＺＮ"
"2023","Ｊ１","第２０節第２日","07/08(土)","19:00","福岡","vs","札幌","ベススタ"," ","ＤＡＺＮ／ＮＨＫ　ＢＳ１"
"2023","Ｊ１","第２０節第２日","07/08(土)","19:30","鳥栖","vs","Ｃ大阪","駅スタ"," ","ＤＡＺＮ"
"2023","Ｊ３","第１７節第１日","07/08(土)","17:00","YS横浜","vs","讃岐","ニッパツ"," ","ＤＡＺＮ"
"2023","Ｊ３","第１７節第１日","07/08(土)","17:00","宮崎","vs","鳥取","ユニスタ"," ","ＤＡＺＮ"
"2023","Ｊ３","第１７節第１日","07/08(土)","18:00","岩手","vs","北九州","いわスタ"," ","ＤＡＺＮ"
"2023","Ｊ３","第１７節第１日","07/08(土)","18:30","琉球","vs","松本","タピスタ"," ","ＤＡＺＮ"
"2023","Ｊ３","第１７節第１日","07/08(土)","19:00","八戸","vs","長野","プラスタ"," ","ＤＡＺＮ"
"2023","Ｊ３","第１７節第１日","07/08(土)","19:00","今治","vs","沼津","里山Ｓ"," ","ＤＡＺＮ／愛媛朝日テレビ（録）"
"2023","Ｊ２","第２５節第１日","07/09(日)","18:00","秋田","vs","熊本","ソユスタ"," ","ＤＡＺＮ"
"2023","Ｊ２","第２５節第１日","07/09(日)","18:00","いわき","vs","水戸","いわきＧ"," ","ＤＡＺＮ"
"2023","Ｊ２","第２５節第１日","07/09(日)","18:00","栃木","vs","仙台","カンセキ"," ","ＤＡＺＮ"
"2023","Ｊ２","第２５節第１日","07/09(日)","18:00","町田","vs","東京Ｖ","Ｇスタ"," ","ＤＡＺＮ"
"2023","Ｊ２","第２５節第１日","07/09(日)","18:00","藤枝","vs","甲府","藤枝サ"," ","ＤＡＺＮ"
"2023","Ｊ２","第２５節第１日","07/09(日)","18:00","長崎","vs","山口","トラスタ"," ","ＤＡＺＮ"
"2023","Ｊ２","第２５節第１日","07/09(日)","19:00","山形","vs","磐田","ＮＤスタ"," ","ＤＡＺＮ"
"2023","Ｊ２","第２５節第１日","07/09(日)","19:00","群馬","vs","大宮","正田スタ"," ","ＤＡＺＮ"
"2023","Ｊ２","第２５節第１日","07/09(日)","19:00","千葉","vs","金沢","フクアリ"," ","ＤＡＺＮ"
"2023","Ｊ２","第２５節第１日","07/09(日)","19:00","徳島","vs","岡山","鳴門大塚"," ","ＤＡＺＮ"
"2023","Ｊ２","第２５節第１日","07/09(日)","19:00","大分","vs","清水","レゾド"," ","ＤＡＺＮ"
"2023","Ｊ３","第１７節第２日","07/09(日)","15:00","奈良","vs","岐阜","ロートＦ"," ","ＤＡＺＮ"
"2023","Ｊ３","第１７節第２日","07/09(日)","18:00","FC大阪","vs","相模原","花園"," ","ＤＡＺＮ"
"2023","Ｊ３","第１７節第２日","07/09(日)","18:00","鹿児島","vs","福島","白波スタ"," ","ＤＡＺＮ"
"2023","Ｊ３","第１７節第２日","07/09(日)","19:00","愛媛","vs","富山","ニンスタ"," ","ＤＡＺＮ／南海放送（録）"
"2023","Ｊ１","第２１節第１日","07/15(土)","13:00","札幌","vs","新潟","札幌厚別"," ","ＤＡＺＮ"
"2023","Ｊ１","第２１節第１日","07/15(土)","19:00","横浜FM","vs","川崎Ｆ","日産ス"," ","ＤＡＺＮ／ＮＨＫ　ＢＳ１"
"2023","Ｊ２","第２６節第１日","07/15(土)","18:00","東京Ｖ","vs","徳島","味スタ"," ","ＤＡＺＮ"
"2023","Ｊ２","第２６節第１日","07/15(土)","19:00","山口","vs","いわき","みらスタ"," ","ＤＡＺＮ"
"2023","Ｊ３","第１８節第１日","07/15(土)","18:00","相模原","vs","奈良","ギオンス"," ","ＤＡＺＮ"
"2023","Ｊ３","第１８節第１日","07/15(土)","18:00","富山","vs","琉球","富山"," ","ＤＡＺＮ"
"2023","Ｊ３","第１８節第１日","07/15(土)","18:00","岐阜","vs","今治","長良川"," ","ＤＡＺＮ"
"2023","Ｊ３","第１８節第１日","07/15(土)","18:00","讃岐","vs","宮崎","ピカスタ"," ","ＤＡＺＮ"
"2023","Ｊ３","第１８節第１日","07/15(土)","19:00","八戸","vs","愛媛","プラスタ"," ","ＤＡＺＮ"
"2023","Ｊ１","第２１節第２日","07/16(日)","18:00","広島","vs","横浜FC","Ｅスタ"," ","ＤＡＺＮ"
"2023","Ｊ１","第２１節第２日","07/16(日)","19:00","FC東京","vs","鹿島","味スタ"," ","ＤＡＺＮ"
"2023","Ｊ１","第２１節第２日","07/16(日)","19:00","湘南","vs","福岡","レモンＳ"," ","ＤＡＺＮ"
"2023","Ｊ１","第２１節第２日","07/16(日)","19:00","京都","vs","名古屋","サンガＳ"," ","ＤＡＺＮ／ＫＢＳ京都"
"2023","Ｊ１","第２１節第２日","07/16(日)","19:00","Ｇ大阪","vs","柏","パナスタ"," ","ＤＡＺＮ"
"2023","Ｊ１","第２１節第２日","07/16(日)","19:00","Ｃ大阪","vs","浦和","ヨドコウ"," ","ＤＡＺＮ"
"2023","Ｊ１","第２１節第２日","07/16(日)","19:00","神戸","vs","鳥栖","ノエスタ"," ","ＤＡＺＮ"
"2023","Ｊ２","第２６節第２日","07/16(日)","18:00","秋田","vs","町田","ソユスタ"," ","ＤＡＺＮ"
"2023","Ｊ２","第２６節第２日","07/16(日)","18:00","水戸","vs","山形","Ｋｓスタ"," ","ＤＡＺＮ"
"2023","Ｊ２","第２６節第２日","07/16(日)","18:00","甲府","vs","群馬","ＪＩＴス"," ","ＤＡＺＮ"
"2023","Ｊ２","第２６節第２日","07/16(日)","18:00","清水","vs","千葉","国立"," ","ＤＡＺＮ"
"2023","Ｊ２","第２６節第２日","07/16(日)","18:00","岡山","vs","長崎","Ｃスタ"," ","ＤＡＺＮ"
"2023","Ｊ２","第２６節第２日","07/16(日)","19:00","大宮","vs","栃木","ＮＡＣＫ"," ","ＤＡＺＮ"
"2023","Ｊ２","第２６節第２日","07/16(日)","19:00","金沢","vs","仙台","石川西部"," ","ＤＡＺＮ"
"2023","Ｊ２","第２６節第２日","07/16(日)","19:00","磐田","vs","藤枝","ヤマハ"," ","ＤＡＺＮ"
"2023","Ｊ３","第１８節第２日","07/16(日)","18:00","岩手","vs","YS横浜","いわスタ"," ","ＤＡＺＮ"
"2023","Ｊ３","第１８節第２日","07/16(日)","18:00","松本","vs","福島","サンアル"," ","ＤＡＺＮ"
"2023","Ｊ３","第１８節第２日","07/16(日)","18:00","長野","vs","鳥取","長野Ｕ"," ","ＤＡＺＮ"
"2023","Ｊ３","第１８節第２日","07/16(日)","18:00","北九州","vs","FC大阪","ミクスタ"," ","ＤＡＺＮ"
"2023","Ｊ３","第１８節第２日","07/16(日)","","沼津","vs","鹿児島","愛鷹"," ","ＤＡＺＮ"
"2023","Ｊ２","第２７節第１日","07/22(土)","18:00","栃木","vs","清水","カンセキ"," ","ＤＡＺＮ"
"2023","Ｊ２","第２７節第１日","07/22(土)","18:00","町田","vs","千葉","Ｇスタ"," ","ＤＡＺＮ"
"2023","Ｊ２","第２７節第１日","07/22(土)","19:00","山形","vs","長崎","ＮＤスタ"," ","ＤＡＺＮ"
"2023","Ｊ２","第２７節第１日","07/22(土)","19:00","藤枝","vs","金沢","藤枝サ"," ","ＤＡＺＮ"
"2023","Ｊ２","第２７節第１日","07/22(土)","19:00","山口","vs","秋田","みらスタ"," ","ＤＡＺＮ"
"2023","Ｊ２","第２７節第１日","07/22(土)","19:00","徳島","vs","甲府","鳴門大塚"," ","ＤＡＺＮ"
"2023","Ｊ２","第２７節第１日","07/22(土)","19:00","大分","vs","いわき","レゾド"," ","ＤＡＺＮ"
"2023","Ｊ３","第１９節第１日","07/22(土)","15:00","奈良","vs","富山","ロートＦ"," ","ＤＡＺＮ"
"2023","Ｊ３","第１９節第１日","07/22(土)","18:00","相模原","vs","今治","ギオンス"," ","ＤＡＺＮ"
"2023","Ｊ３","第１９節第１日","07/22(土)","18:00","松本","vs","八戸","サンアル"," ","ＤＡＺＮ"
"2023","Ｊ３","第１９節第１日","07/22(土)","18:00","岐阜","vs","長野","長良川"," ","ＤＡＺＮ"
"2023","Ｊ３","第１９節第１日","07/22(土)","18:00","宮崎","vs","沼津","ユニスタ"," ","ＤＡＺＮ"
"2023","Ｊ３","第１９節第１日","07/22(土)","18:30","琉球","vs","YS横浜","タピスタ"," ","ＤＡＺＮ"
"2023","Ｊ３","第１９節第１日","07/22(土)","19:00","福島","vs","北九州","とうスタ"," ","ＤＡＺＮ"
"2023","Ｊ３","第１９節第１日","07/22(土)","19:00","鳥取","vs","岩手","Ａｘｉｓ"," ","ＤＡＺＮ"
"2023","Ｊ２","第２７節第２日","07/23(日)","18:00","水戸","vs","大宮","Ｋｓスタ"," ","ＤＡＺＮ"
"2023","Ｊ２","第２７節第２日","07/23(日)","19:00","仙台","vs","東京Ｖ","ユアスタ"," ","ＤＡＺＮ"
"2023","Ｊ２","第２７節第２日","07/23(日)","19:00","群馬","vs","磐田","正田スタ"," ","ＤＡＺＮ"
"2023","Ｊ３","第１９節第２日","07/23(日)","18:00","FC大阪","vs","讃岐","花園"," ","ＤＡＺＮ"
"2023","Ｊ３","第１９節第２日","07/23(日)","18:00","鹿児島","vs","愛媛","白波スタ"," ","ＤＡＺＮ"
"2023","Ｊ２","第２７節第３日","07/24(月)","19:00","熊本","vs","岡山","えがおＳ"," ","ＤＡＺＮ"
"2023","Ｊ２","第２８節第１日","07/29(土)","18:00","秋田","vs","群馬","ソユスタ"," ","ＤＡＺＮ"
"2023","Ｊ２","第２８節第１日","07/29(土)","18:00","いわき","vs","磐田","いわきＧ"," ","ＤＡＺＮ"
"2023","Ｊ２","第２８節第１日","07/29(土)","18:00","栃木","vs","甲府","カンセキ"," ","ＤＡＺＮ／とちぎテレビ"
"2023","Ｊ２","第２８節第１日","07/29(土)","18:00","東京Ｖ","vs","水戸","味スタ"," ","ＤＡＺＮ"
"2023","Ｊ２","第２８節第１日","07/29(土)","18:00","町田","vs","徳島","Ｇスタ"," ","ＤＡＺＮ"
"2023","Ｊ２","第２８節第１日","07/29(土)","18:00","清水","vs","岡山","アイスタ"," ","ＤＡＺＮ"
"2023","Ｊ２","第２８節第１日","07/29(土)","19:00","仙台","vs","藤枝","ユアスタ"," ","ＤＡＺＮ"
"2023","Ｊ２","第２８節第１日","07/29(土)","19:00","千葉","vs","山口","フクアリ"," ","ＤＡＺＮ"
"2023","Ｊ２","第２８節第１日","07/29(土)","19:00","長崎","vs","熊本","トラスタ"," ","ＤＡＺＮ"
"2023","Ｊ２","第２８節第１日","07/29(土)","19:00","大分","vs","山形","レゾド"," ","ＤＡＺＮ"
"2023","Ｊ３","第２０節第１日","07/29(土)","18:00","岩手","vs","奈良","いわスタ"," ","ＤＡＺＮ"
"2023","Ｊ３","第２０節第１日","07/29(土)","18:00","長野","vs","相模原","長野Ｕ"," ","ＤＡＺＮ"
"2023","Ｊ３","第２０節第１日","07/29(土)","18:00","讃岐","vs","福島","ピカスタ"," ","ＤＡＺＮ"
"2023","Ｊ３","第２０節第１日","07/29(土)","18:00","愛媛","vs","松本","ニンスタ"," ","ＤＡＺＮ／南海放送（録）"
"2023","Ｊ３","第２０節第１日","07/29(土)","18:00","北九州","vs","鳥取","ミクスタ"," ","ＤＡＺＮ"
"2023","Ｊ３","第２０節第１日","07/29(土)","19:00","八戸","vs","FC大阪","プラスタ"," ","ＤＡＺＮ"
"2023","Ｊ３","第２０節第１日","07/29(土)","19:00","今治","vs","宮崎","里山Ｓ"," ","ＤＡＺＮ／愛媛朝日テレビ（録）"
"2023","Ｊ３","第２０節第１日","07/29(土)","19:00","鹿児島","vs","富山","白波スタ"," ","ＤＡＺＮ"
"2023","Ｊ２","第２８節第２日","07/30(日)","19:00","金沢","vs","大宮","石川西部"," ","ＤＡＺＮ"
"2023","Ｊ３","第２０節第２日","07/30(日)","17:00","YS横浜","vs","岐阜","ニッパツ"," ","ＤＡＺＮ"
"2023","Ｊ３","第２０節第２日","07/30(日)","","沼津","vs","琉球","愛鷹"," ","ＤＡＺＮ"
"2023","Ｊ１","第２２節第１日","08/05(土)","19:00","湘南","vs","広島","レモンＳ"," ","ＤＡＺＮ／ＮＨＫ　ＢＳ１"
"2023","Ｊ１","第２２節第１日","08/05(土)","19:00","名古屋","vs","新潟","●未定●"," ","ＤＡＺＮ"
"2023","Ｊ２","第２９節第１日","08/05(土)","19:00","藤枝","vs","山形","藤枝サ"," ","ＤＡＺＮ"
"2023","Ｊ２","第２９節第１日","08/05(土)","19:00","岡山","vs","町田","Ｃスタ"," ","ＤＡＺＮ"
"2023","Ｊ３","第２１節第１日","08/05(土)","17:00","宮崎","vs","鹿児島","ユニスタ"," ","ＤＡＺＮ"
"2023","Ｊ３","第２１節第１日","08/05(土)","18:00","相模原","vs","讃岐","ギオンス"," ","ＤＡＺＮ"
"2023","Ｊ３","第２１節第１日","08/05(土)","18:00","富山","vs","今治","富山"," ","ＤＡＺＮ"
"2023","Ｊ３","第２１節第１日","08/05(土)","18:00","岐阜","vs","愛媛","長良川"," ","ＤＡＺＮ"
"2023","Ｊ３","第２１節第１日","08/05(土)","19:00","八戸","vs","琉球","プラスタ"," ","ＤＡＺＮ"
"2023","Ｊ３","第２１節第１日","08/05(土)","19:00","鳥取","vs","松本","Ａｘｉｓ"," ","ＤＡＺＮ"
"2023","Ｊ１","第２２節第２日","08/06(日)","18:00","鹿島","vs","札幌","カシマ"," ","ＤＡＺＮ"
"2023","Ｊ１","第２２節第２日","08/06(日)","18:30","横浜FC","vs","神戸","ニッパツ"," ","ＤＡＺＮ"
"2023","Ｊ１","第２２節第２日","08/06(日)","19:00","浦和","vs","横浜FM","埼玉"," ","ＤＡＺＮ"
"2023","Ｊ１","第２２節第２日","08/06(日)","19:00","川崎Ｆ","vs","Ｇ大阪","等々力"," ","ＤＡＺＮ"
"2023","Ｊ１","第２２節第２日","08/06(日)","19:00","京都","vs","柏","サンガＳ"," ","ＤＡＺＮ／ＫＢＳ京都"
"2023","Ｊ１","第２２節第２日","08/06(日)","19:00","Ｃ大阪","vs","FC東京","ヨドコウ"," ","ＤＡＺＮ"
"2023","Ｊ１","第２２節第２日","08/06(日)","19:00","鳥栖","vs","福岡","駅スタ"," ","ＤＡＺＮ"
"2023","Ｊ２","第２９節第２日","08/06(日)","18:00","東京Ｖ","vs","清水","味スタ"," ","ＤＡＺＮ"
"2023","Ｊ２","第２９節第２日","08/06(日)","18:00","甲府","vs","金沢","ＪＩＴス"," ","ＤＡＺＮ"
"2023","Ｊ２","第２９節第２日","08/06(日)","18:00","長崎","vs","いわき","トラスタ"," ","ＤＡＺＮ"
"2023","Ｊ２","第２９節第２日","08/06(日)","19:00","群馬","vs","栃木","正田スタ"," ","ＤＡＺＮ"
"2023","Ｊ２","第２９節第２日","08/06(日)","19:00","大宮","vs","秋田","ＮＡＣＫ"," ","ＤＡＺＮ"
"2023","Ｊ２","第２９節第２日","08/06(日)","19:00","磐田","vs","仙台","エコパ"," ","ＤＡＺＮ"
"2023","Ｊ２","第２９節第２日","08/06(日)","19:00","山口","vs","大分","みらスタ"," ","ＤＡＺＮ"
"2023","Ｊ２","第２９節第２日","08/06(日)","19:00","徳島","vs","千葉","鳴門大塚"," ","ＤＡＺＮ"
"2023","Ｊ２","第２９節第２日","08/06(日)","19:00","熊本","vs","水戸","えがおＳ"," ","ＤＡＺＮ"
"2023","Ｊ３","第２１節第２日","08/06(日)","15:00","奈良","vs","北九州","ロートＦ"," ","ＤＡＺＮ"
"2023","Ｊ３","第２１節第２日","08/06(日)","18:00","福島","vs","沼津","とうスタ"," ","ＤＡＺＮ／福島中央テレビ（録）"
"2023","Ｊ３","第２１節第２日","08/06(日)","18:00","長野","vs","岩手","長野Ｕ"," ","ＤＡＺＮ"
"2023","Ｊ３","第２１節第２日","08/06(日)","18:00","FC大阪","vs","YS横浜","花園"," ","ＤＡＺＮ"
"2023","Ｊ１","第２３節第１日","08/12(土)","14:00","札幌","vs","鳥栖","札幌ド"," ","ＤＡＺＮ"
"2023","Ｊ１","第２３節第１日","08/12(土)","18:00","新潟","vs","湘南","デンカＳ"," ","ＤＡＺＮ"
"2023","Ｊ１","第２３節第１日","08/12(土)","19:00","柏","vs","Ｃ大阪","三協Ｆ柏"," ","ＤＡＺＮ"
"2023","Ｊ１","第２３節第１日","08/12(土)","19:00","FC東京","vs","京都","味スタ"," ","ＤＡＺＮ／ＮＨＫ　ＢＳ１"
"2023","Ｊ１","第２３節第１日","08/12(土)","19:00","川崎Ｆ","vs","神戸","等々力"," ","ＤＡＺＮ"
"2023","Ｊ１","第２３節第１日","08/12(土)","19:00","福岡","vs","横浜FC","ベススタ"," ","ＤＡＺＮ"
"2023","Ｊ１","第２３節第１日","08/12(土)","19:30","横浜FM","vs","Ｇ大阪","日産ス"," ","ＤＡＺＮ"
"2023","Ｊ２","第３０節第１日","08/12(土)","18:00","水戸","vs","長崎","Ｋｓスタ"," ","ＤＡＺＮ"
"2023","Ｊ２","第３０節第１日","08/12(土)","18:00","町田","vs","磐田","Ｇスタ"," ","ＤＡＺＮ"
"2023","Ｊ２","第３０節第１日","08/12(土)","18:00","清水","vs","山口","アイスタ"," ","ＤＡＺＮ"
"2023","Ｊ２","第３０節第１日","08/12(土)","19:00","山形","vs","千葉","ＮＤスタ"," ","ＤＡＺＮ"
"2023","Ｊ２","第３０節第１日","08/12(土)","19:00","金沢","vs","熊本","石川西部"," ","ＤＡＺＮ"
"2023","Ｊ２","第３０節第１日","08/12(土)","19:00","大分","vs","藤枝","レゾド"," ","ＤＡＺＮ"
"2023","Ｊ３","第２２節第１日","08/12(土)","17:00","YS横浜","vs","福島","ニッパツ"," ","ＤＡＺＮ"
"2023","Ｊ３","第２２節第１日","08/12(土)","17:00","宮崎","vs","北九州","ユニスタ"," ","ＤＡＺＮ"
"2023","Ｊ３","第２２節第１日","08/12(土)","18:00","岩手","vs","八戸","いわスタ"," ","ＤＡＺＮ"
"2023","Ｊ３","第２２節第１日","08/12(土)","18:30","琉球","vs","FC大阪","タピスタ"," ","ＤＡＺＮ"
"2023","Ｊ３","第２２節第１日","08/12(土)","19:00","松本","vs","富山","サンアル"," ","ＤＡＺＮ"
"2023","Ｊ３","第２２節第１日","08/12(土)","19:00","今治","vs","岐阜","里山Ｓ"," ","ＤＡＺＮ／愛媛朝日テレビ（録）"
"2023","Ｊ１","第２３節第２日","08/13(日)","18:00","名古屋","vs","鹿島","豊田ス"," ","ＤＡＺＮ"
"2023","Ｊ１","第２３節第２日","08/13(日)","18:00","広島","vs","浦和","Ｅスタ"," ","ＤＡＺＮ"
"2023","Ｊ２","第３０節第２日","08/13(日)","18:00","秋田","vs","東京Ｖ","ソユスタ"," ","ＤＡＺＮ"
"2023","Ｊ２","第３０節第２日","08/13(日)","18:00","いわき","vs","甲府","いわきＧ"," ","ＤＡＺＮ"
"2023","Ｊ２","第３０節第２日","08/13(日)","18:00","栃木","vs","徳島","カンセキ"," ","ＤＡＺＮ"
"2023","Ｊ２","第３０節第２日","08/13(日)","19:00","仙台","vs","群馬","ユアスタ"," ","ＤＡＺＮ"
"2023","Ｊ２","第３０節第２日","08/13(日)","19:00","大宮","vs","岡山","ＮＡＣＫ"," ","ＤＡＺＮ"
"2023","Ｊ３","第２２節第２日","08/13(日)","15:00","奈良","vs","讃岐","ロートＦ"," ","ＤＡＺＮ"
"2023","Ｊ３","第２２節第２日","08/13(日)","18:00","愛媛","vs","鳥取","ニンスタ"," ","ＤＡＺＮ／南海放送（録）"
"2023","Ｊ３","第２２節第２日","08/13(日)","19:00","鹿児島","vs","長野","白波スタ"," ","ＤＡＺＮ"
"2023","Ｊ３","第２２節第２日","08/13(日)","","沼津","vs","相模原","愛鷹"," ","ＤＡＺＮ"
"2023","Ｊ１","第２４節第１日","08/18(金)","19:00","福岡","vs","新潟","ベススタ"," ","ＤＡＺＮ"
"2023","Ｊ１","第２４節第２日","08/19(土)","18:00","鹿島","vs","鳥栖","カシマ"," ","ＤＡＺＮ"
"2023","Ｊ１","第２４節第２日","08/19(土)","19:00","浦和","vs","名古屋","埼玉"," ","ＤＡＺＮ　※１　浦和がＡＦＣチャンピオンズリーグ２０２３／２０２４プレーオフに出場した場合、８／１８（金）に開催する可能性があります"
"2023","Ｊ１","第２４節第２日","08/19(土)","19:00","京都","vs","札幌","サンガＳ"," ","ＤＡＺＮ"
"2023","Ｊ１","第２４節第２日","08/19(土)","19:00","Ｇ大阪","vs","湘南","パナスタ"," ","ＤＡＺＮ"
"2023","Ｊ１","第２４節第２日","08/19(土)","19:00","神戸","vs","柏","ノエスタ"," ","ＤＡＺＮ"
"2023","Ｊ１","第２４節第２日","08/19(土)","19:00","広島","vs","川崎Ｆ","Ｅスタ"," ","ＤＡＺＮ　※２　広島がＡＦＣチャンピオンズリーグ２０２３／２０２４プレーオフに出場した場合、８／１８（金）に開催する可能性があります"
"2023","Ｊ１","第２４節第２日","08/19(土)","19:30","横浜FM","vs","FC東京","日産ス"," ","ＤＡＺＮ"
"2023","Ｊ２","第３１節第１日","08/19(土)","18:00","いわき","vs","東京Ｖ","いわきＧ"," ","ＤＡＺＮ"
"2023","Ｊ２","第３１節第１日","08/19(土)","18:00","水戸","vs","秋田","Ｋｓスタ"," ","ＤＡＺＮ"
"2023","Ｊ２","第３１節第１日","08/19(土)","18:00","甲府","vs","磐田","ＪＩＴス"," ","ＤＡＺＮ"
"2023","Ｊ２","第３１節第１日","08/19(土)","18:00","清水","vs","町田","アイスタ"," ","ＤＡＺＮ"
"2023","Ｊ２","第３１節第１日","08/19(土)","19:00","仙台","vs","大宮","ユアスタ"," ","ＤＡＺＮ"
"2023","Ｊ２","第３１節第１日","08/19(土)","19:00","山形","vs","熊本","ＮＤスタ"," ","ＤＡＺＮ"
"2023","Ｊ２","第３１節第１日","08/19(土)","19:00","千葉","vs","藤枝","フクアリ"," ","ＤＡＺＮ"
"2023","Ｊ２","第３１節第１日","08/19(土)","19:00","岡山","vs","大分","Ｃスタ"," ","ＤＡＺＮ"
"2023","Ｊ２","第３１節第１日","08/19(土)","19:00","長崎","vs","栃木","トラスタ"," ","ＤＡＺＮ"
"2023","Ｊ３","第２３節第１日","08/19(土)","18:00","岩手","vs","愛媛","いわスタ"," ","ＤＡＺＮ"
"2023","Ｊ３","第２３節第１日","08/19(土)","18:00","相模原","vs","YS横浜","ギオンス"," ","ＤＡＺＮ"
"2023","Ｊ３","第２３節第１日","08/19(土)","18:00","長野","vs","岐阜","長野Ｕ"," ","ＤＡＺＮ"
"2023","Ｊ３","第２３節第１日","08/19(土)","18:00","北九州","vs","琉球","ミクスタ"," ","ＤＡＺＮ"
"2023","Ｊ３","第２３節第１日","08/19(土)","19:00","八戸","vs","沼津","プラスタ"," ","ＤＡＺＮ"
"2023","Ｊ３","第２３節第１日","08/19(土)","19:00","福島","vs","富山","とうスタ"," ","ＤＡＺＮ"
"2023","Ｊ３","第２３節第１日","08/19(土)","19:00","鳥取","vs","宮崎","Ａｘｉｓ"," ","ＤＡＺＮ"
"2023","Ｊ３","第２３節第１日","08/19(土)","19:00","讃岐","vs","今治","ピカスタ"," ","ＤＡＺＮ"
"2023","Ｊ３","第２３節第１日","08/19(土)","19:00","鹿児島","vs","松本","白波スタ"," ","ＤＡＺＮ"
"2023","Ｊ１","第２４節第３日","08/20(日)","18:30","横浜FC","vs","Ｃ大阪","ニッパツ"," ","ＤＡＺＮ"
"2023","Ｊ２","第３１節第２日","08/20(日)","19:00","群馬","vs","金沢","正田スタ"," ","ＤＡＺＮ／群馬テレビ"
"2023","Ｊ２","第３１節第２日","08/20(日)","19:00","徳島","vs","山口","鳴門大塚"," ","ＤＡＺＮ"
"2023","Ｊ３","第２３節第２日","08/20(日)","18:00","FC大阪","vs","奈良","花園"," ","ＤＡＺＮ"
"2023","Ｊ１","第２５節第１日","08/25(金)","19:00","湘南","vs","浦和","レモンＳ"," ","ＤＡＺＮ"
"2023","Ｊ１","第２５節第２日","08/26(土)","18:00","鹿島","vs","新潟","カシマ"," ","ＤＡＺＮ"
"2023","Ｊ１","第２５節第２日","08/26(土)","18:30","横浜FC","vs","横浜FM","ニッパツ"," ","ＤＡＺＮ"
"2023","Ｊ１","第２５節第２日","08/26(土)","19:00","柏","vs","広島","三協Ｆ柏"," ","ＤＡＺＮ"
"2023","Ｊ１","第２５節第２日","08/26(土)","19:00","FC東京","vs","神戸","国立"," ","ＤＡＺＮ"
"2023","Ｊ１","第２５節第２日","08/26(土)","19:00","川崎Ｆ","vs","札幌","等々力"," ","ＤＡＺＮ／ＮＨＫ　ＢＳ１"
"2023","Ｊ１","第２５節第２日","08/26(土)","19:00","京都","vs","福岡","サンガＳ"," ","ＤＡＺＮ"
"2023","Ｊ１","第２５節第２日","08/26(土)","19:00","Ｃ大阪","vs","名古屋","ヨドコウ"," ","ＤＡＺＮ"
"2023","Ｊ１","第２５節第２日","08/26(土)","19:00","鳥栖","vs","Ｇ大阪","駅スタ"," ","ＤＡＺＮ"
"2023","Ｊ２","第３２節第１日","08/26(土)","18:00","栃木","vs","水戸","カンセキ"," ","ＤＡＺＮ／とちぎテレビ"
"2023","Ｊ２","第３２節第１日","08/26(土)","18:00","東京Ｖ","vs","岡山","味スタ"," ","ＤＡＺＮ"
"2023","Ｊ２","第３２節第１日","08/26(土)","18:00","町田","vs","山形","Ｇスタ"," ","ＤＡＺＮ"
"2023","Ｊ２","第３２節第１日","08/26(土)","19:00","大宮","vs","長崎","ＮＡＣＫ"," ","ＤＡＺＮ"
"2023","Ｊ２","第３２節第１日","08/26(土)","19:00","金沢","vs","徳島","石川西部"," ","ＤＡＺＮ"
"2023","Ｊ２","第３２節第１日","08/26(土)","19:00","磐田","vs","千葉","ヤマハ"," ","ＤＡＺＮ"
"2023","Ｊ２","第３２節第１日","08/26(土)","19:00","藤枝","vs","群馬","藤枝サ"," ","ＤＡＺＮ"
"2023","Ｊ２","第３２節第１日","08/26(土)","19:00","山口","vs","甲府","みらスタ"," ","ＤＡＺＮ"
"2023","Ｊ２","第３２節第１日","08/26(土)","19:00","大分","vs","仙台","レゾド"," ","ＤＡＺＮ"
"2023","Ｊ３","第２４節第１日","08/26(土)","15:00","奈良","vs","長野","ロートＦ"," ","ＤＡＺＮ"
"2023","Ｊ３","第２４節第１日","08/26(土)","18:00","北九州","vs","鹿児島","ミクスタ"," ","ＤＡＺＮ"
"2023","Ｊ３","第２４節第１日","08/26(土)","18:00","宮崎","vs","福島","ユニスタ"," ","ＤＡＺＮ"
"2023","Ｊ３","第２４節第１日","08/26(土)","18:30","富山","vs","岩手","富山"," ","ＤＡＺＮ"
"2023","Ｊ３","第２４節第１日","08/26(土)","19:00","松本","vs","今治","サンアル"," ","ＤＡＺＮ"
"2023","Ｊ３","第２４節第１日","08/26(土)","19:00","岐阜","vs","鳥取","長良川"," ","ＤＡＺＮ"
"2023","Ｊ３","第２４節第１日","08/26(土)","19:00","愛媛","vs","讃岐","ニンスタ"," ","ＤＡＺＮ／南海放送（録）"
"2023","Ｊ３","第２４節第１日","08/26(土)","19:00","琉球","vs","相模原","タピスタ"," ","ＤＡＺＮ"
"2023","Ｊ２","第３２節第２日","08/27(日)","18:00","秋田","vs","清水","ソユスタ"," ","ＤＡＺＮ"
"2023","Ｊ２","第３２節第２日","08/27(日)","19:00","熊本","vs","いわき","えがおＳ"," ","ＤＡＺＮ"
"2023","Ｊ３","第２４節第２日","08/27(日)","17:00","YS横浜","vs","八戸","ニッパツ"," ","ＤＡＺＮ"
"2023","Ｊ３","第２４節第２日","08/27(日)","","沼津","vs","FC大阪","愛鷹"," ","ＤＡＺＮ"
"2023","Ｊ１","第２６節第１日","09/02(土)","","札幌","vs","Ｇ大阪","札幌ド"," ","ＤＡＺＮ　９／２（土）　ｏｒ　９／３（日）"
"2023","Ｊ１","第２６節第１日","09/02(土)","","柏","vs","横浜FM","三協Ｆ柏"," ","ＤＡＺＮ　９／２（土）　ｏｒ　９／３（日）"
"2023","Ｊ１","第２６節第１日","09/02(土)","","FC東京","vs","福岡","味スタ"," ","ＤＡＺＮ　９／２（土）　ｏｒ　９／３（日）"
"2023","Ｊ１","第２６節第１日","09/02(土)","","湘南","vs","鹿島","レモンＳ"," ","ＤＡＺＮ　９／２（土）　ｏｒ　９／３（日）"
"2023","Ｊ１","第２６節第１日","09/02(土)","","新潟","vs","浦和","デンカＳ"," ","ＤＡＺＮ　９／２（土）　ｏｒ　９／３（日）"
"2023","Ｊ１","第２６節第１日","09/02(土)","","名古屋","vs","横浜FC","豊田ス"," ","ＤＡＺＮ　９／２（土）　ｏｒ　９／３（日）"
"2023","Ｊ１","第２６節第１日","09/02(土)","","Ｃ大阪","vs","川崎Ｆ","ヨドコウ"," ","ＤＡＺＮ　９／２（土）　ｏｒ　９／３（日）"
"2023","Ｊ１","第２６節第１日","09/02(土)","","神戸","vs","京都","ノエスタ"," ","ＤＡＺＮ　９／２（土）　ｏｒ　９／３（日）"
"2023","Ｊ１","第２６節第１日","09/02(土)","","鳥栖","vs","広島","駅スタ"," ","ＤＡＺＮ　９／２（土）　ｏｒ　９／３（日）"
"2023","Ｊ２","第３３節第１日","09/02(土)","","秋田","vs","磐田","ソユスタ"," ","ＤＡＺＮ"
"2023","Ｊ２","第３３節第１日","09/02(土)","","金沢","vs","東京Ｖ","石川西部"," ","ＤＡＺＮ"
"2023","Ｊ３","第２５節第１日","09/02(土)","","八戸","vs","鳥取","プラスタ"," ","ＤＡＺＮ"
"2023","Ｊ３","第２５節第１日","09/02(土)","","岩手","vs","福島","いわスタ"," ","ＤＡＺＮ"
"2023","Ｊ３","第２５節第１日","09/02(土)","","YS横浜","vs","琉球","ニッパツ"," ","ＤＡＺＮ"
"2023","Ｊ３","第２５節第１日","09/02(土)","","長野","vs","愛媛","長野Ｕ"," ","ＤＡＺＮ"
"2023","Ｊ３","第２５節第１日","09/02(土)","","富山","vs","相模原","富山"," ","ＤＡＺＮ"
"2023","Ｊ３","第２５節第１日","09/02(土)","","今治","vs","北九州","里山Ｓ"," ","ＤＡＺＮ"
"2023","Ｊ３","第２５節第１日","09/02(土)","","宮崎","vs","讃岐","ユニスタ"," ","ＤＡＺＮ"
"2023","Ｊ３","第２５節第１日","09/02(土)","","鹿児島","vs","岐阜","白波スタ"," ","ＤＡＺＮ"
"2023","Ｊ２","第３３節第２日","09/03(日)","","仙台","vs","甲府","ユアスタ"," ","ＤＡＺＮ"
"2023","Ｊ２","第３３節第２日","09/03(日)","","山形","vs","大宮","ＮＤスタ"," ","ＤＡＺＮ"
"2023","Ｊ２","第３３節第２日","09/03(日)","","いわき","vs","岡山","いわきＧ"," ","ＤＡＺＮ"
"2023","Ｊ２","第３３節第２日","09/03(日)","","栃木","vs","藤枝","栃木グ"," ","ＤＡＺＮ"
"2023","Ｊ２","第３３節第２日","09/03(日)","","群馬","vs","町田","正田スタ"," ","ＤＡＺＮ"
"2023","Ｊ２","第３３節第２日","09/03(日)","","千葉","vs","熊本","フクアリ"," ","ＤＡＺＮ"
"2023","Ｊ２","第３３節第２日","09/03(日)","","清水","vs","徳島","アイスタ"," ","ＤＡＺＮ"
"2023","Ｊ２","第３３節第２日","09/03(日)","","山口","vs","水戸","みらスタ"," ","ＤＡＺＮ"
"2023","Ｊ２","第３３節第２日","09/03(日)","","長崎","vs","大分","トラスタ"," ","ＤＡＺＮ"
"2023","Ｊ３","第２５節第２日","09/03(日)","","沼津","vs","奈良","愛鷹"," ","ＤＡＺＮ"
"2023","Ｊ３","第２５節第２日","09/03(日)","","FC大阪","vs","松本","花園"," ","ＤＡＺＮ"
"2023","Ｊ２","第３４節第１日","09/09(土)","","水戸","vs","金沢","Ｋｓスタ"," ","ＤＡＺＮ"
"2023","Ｊ２","第３４節第１日","09/09(土)","","千葉","vs","秋田","フクアリ"," ","ＤＡＺＮ"
"2023","Ｊ２","第３４節第１日","09/09(土)","","東京Ｖ","vs","山口","味スタ"," ","ＤＡＺＮ"
"2023","Ｊ２","第３４節第１日","09/09(土)","","町田","vs","栃木","Ｇスタ"," ","ＤＡＺＮ"
"2023","Ｊ２","第３４節第１日","09/09(土)","","甲府","vs","大分","ＪＩＴス"," ","ＤＡＺＮ"
"2023","Ｊ２","第３４節第１日","09/09(土)","","岡山","vs","仙台","Ｃスタ"," ","ＤＡＺＮ"
"2023","Ｊ２","第３４節第１日","09/09(土)","","長崎","vs","群馬","トラスタ"," ","ＤＡＺＮ"
"2023","Ｊ３","第２６節第１日","09/09(土)","","岩手","vs","FC大阪","いわスタ"," ","ＤＡＺＮ"
"2023","Ｊ３","第２６節第１日","09/09(土)","","福島","vs","長野","とうスタ"," ","ＤＡＺＮ"
"2023","Ｊ３","第２６節第１日","09/09(土)","","相模原","vs","鹿児島","ギオンス"," ","ＤＡＺＮ"
"2023","Ｊ３","第２６節第１日","09/09(土)","","松本","vs","琉球","サンアル"," ","ＤＡＺＮ"
"2023","Ｊ３","第２６節第１日","09/09(土)","","岐阜","vs","宮崎","長良川"," ","ＤＡＺＮ"
"2023","Ｊ３","第２６節第１日","09/09(土)","","奈良","vs","今治","ロートＦ"," ","ＤＡＺＮ"
"2023","Ｊ３","第２６節第１日","09/09(土)","","鳥取","vs","YS横浜","Ａｘｉｓ"," ","ＤＡＺＮ"
"2023","Ｊ３","第２６節第１日","09/09(土)","","愛媛","vs","沼津","ニンスタ"," ","ＤＡＺＮ"
"2023","Ｊ３","第２６節第１日","09/09(土)","","北九州","vs","八戸","ミクスタ"," ","ＤＡＺＮ"
"2023","Ｊ２","第３４節第２日","09/10(日)","","徳島","vs","いわき","鳴門大塚"," ","ＤＡＺＮ"
"2023","Ｊ２","第３４節第２日","09/10(日)","","熊本","vs","藤枝","えがおＳ"," ","ＤＡＺＮ"
"2023","Ｊ３","第２６節第２日","09/10(日)","","讃岐","vs","富山","ピカスタ"," ","ＤＡＺＮ"
"2023","Ｊ１","第２７節第１日","09/16(土)","","札幌","vs","湘南","札幌ド"," ","ＤＡＺＮ　９／１６（土）　ｏｒ　９／１７（日）"
"2023","Ｊ１","第２７節第１日","09/16(土)","","鹿島","vs","Ｃ大阪","カシマ"," ","ＤＡＺＮ　９／１６（土）　ｏｒ　９／１７（日）"
"2023","Ｊ１","第２７節第１日","09/16(土)","","浦和","vs","京都","埼玉"," ","ＤＡＺＮ　９／１５（金）　ｏｒ　９／１６（土）　※３　ＡＦＣチャンピオンズリーグ２０２３／２０２４に出場しなかったチームの試合は、９／１７（日）に開催する可能性があります"
"2023","Ｊ１","第２７節第１日","09/16(土)","","川崎Ｆ","vs","FC東京","等々力"," ","ＤＡＺＮ　９／１５（金）　ｏｒ　９／１６（土）"
"2023","Ｊ１","第２７節第１日","09/16(土)","","横浜FM","vs","鳥栖","ニッパツ"," ","ＤＡＺＮ　９／１５（金）　ｏｒ　９／１６（土）"
"2023","Ｊ１","第２７節第１日","09/16(土)","","横浜FC","vs","柏","ニッパツ"," ","ＤＡＺＮ　９／１６（土）　ｏｒ　９／１７（日）"
"2023","Ｊ１","第２７節第１日","09/16(土)","","Ｇ大阪","vs","新潟","パナスタ"," ","ＤＡＺＮ　９／１６（土）　ｏｒ　９／１７（日）"
"2023","Ｊ１","第２７節第１日","09/16(土)","","広島","vs","神戸","Ｅスタ"," ","ＤＡＺＮ　９／１５（金）　ｏｒ　９／１６（土）　※３　ＡＦＣチャンピオンズリーグ２０２３／２０２４に出場しなかったチームの試合は、９／１７（日）に開催する可能性があります"
"2023","Ｊ１","第２７節第１日","09/16(土)","","福岡","vs","名古屋","ベススタ"," ","ＤＡＺＮ　９／１６（土）　ｏｒ　９／１７（日）"
"2023","Ｊ２","第３５節第１日","09/16(土)","","仙台","vs","水戸","ユアスタ"," ","ＤＡＺＮ　９／１６（土）　ｏｒ　９／１７（日）"
"2023","Ｊ２","第３５節第１日","09/16(土)","","秋田","vs","長崎","ソユスタ"," ","ＤＡＺＮ"
"2023","Ｊ２","第３５節第１日","09/16(土)","","山形","vs","岡山","ＮＤスタ"," ","ＤＡＺＮ"
"2023","Ｊ２","第３５節第１日","09/16(土)","","栃木","vs","千葉","栃木グ"," ","ＤＡＺＮ"
"2023","Ｊ２","第３５節第１日","09/16(土)","","大宮","vs","熊本","ＮＡＣＫ"," ","ＤＡＺＮ"
"2023","Ｊ２","第３５節第１日","09/16(土)","","甲府","vs","東京Ｖ","ＪＩＴス"," ","ＤＡＺＮ　９／１５（金）　ｏｒ　９／１６（土）"
"2023","Ｊ２","第３５節第１日","09/16(土)","","磐田","vs","山口","ヤマハ"," ","ＤＡＺＮ"
"2023","Ｊ２","第３５節第１日","09/16(土)","","大分","vs","徳島","レゾド"," ","ＤＡＺＮ"
"2023","Ｊ３","第２７節第１日","09/16(土)","","八戸","vs","奈良","プラスタ"," ","ＤＡＺＮ"
"2023","Ｊ３","第２７節第１日","09/16(土)","","相模原","vs","岐阜","ギオンス"," ","ＤＡＺＮ"
"2023","Ｊ３","第２７節第１日","09/16(土)","","鳥取","vs","福島","Ａｘｉｓ"," ","ＤＡＺＮ"
"2023","Ｊ３","第２７節第１日","09/16(土)","","今治","vs","長野","里山Ｓ"," ","ＤＡＺＮ"
"2023","Ｊ３","第２７節第１日","09/16(土)","","北九州","vs","沼津","ミクスタ"," ","ＤＡＺＮ"
"2023","Ｊ３","第２７節第１日","09/16(土)","","鹿児島","vs","讃岐","白波スタ"," ","ＤＡＺＮ"
"2023","Ｊ２","第３５節第２日","09/17(日)","","群馬","vs","いわき","正田スタ"," ","ＤＡＺＮ"
"2023","Ｊ２","第３５節第２日","09/17(日)","","金沢","vs","清水","石川西部"," ","ＤＡＺＮ"
"2023","Ｊ２","第３５節第２日","09/17(日)","","藤枝","vs","町田","藤枝サ"," ","ＤＡＺＮ"
"2023","Ｊ３","第２７節第２日","09/17(日)","","富山","vs","FC大阪","富山"," ","ＤＡＺＮ"
"2023","Ｊ３","第２７節第２日","09/17(日)","","宮崎","vs","松本","ユニスタ"," ","ＤＡＺＮ"
"2023","Ｊ３","第２７節第２日","09/17(日)","","琉球","vs","愛媛","タピスタ"," ","ＤＡＺＮ"
"2023","Ｊ３","第２７節第３日","09/18(月・祝)","","YS横浜","vs","岩手","ニッパツ"," ","ＤＡＺＮ"
"2023","Ｊ２","第３４節第３日","09/20(水)","","清水","vs","山形","アイスタ"," ","ＤＡＺＮ　※１　２０２３ＪリーグＹＢＣルヴァンカップにおいて清水がグループステージで敗退した場合、開催日が９月９日（土）に変更となる可能性があります"
"2023","Ｊ２","第３４節第３日","09/20(水)","","磐田","vs","大宮","ヤマハ"," ","ＤＡＺＮ　※２　２０２３ＪリーグＹＢＣルヴァンカップにおいて磐田がグループステージで敗退した場合、開催日が９月９日（土）に変更となる可能性があります"
"2023","Ｊ１","第２８節第１日","09/23(土・祝)","","鹿島","vs","横浜FM","カシマ"," ","ＤＡＺＮ　９／２３（土・祝）　ｏｒ　９／２４（日）"
"2023","Ｊ１","第２８節第１日","09/23(土・祝)","","柏","vs","福岡","三協Ｆ柏"," ","ＤＡＺＮ　９／２３（土・祝）　ｏｒ　９／２４（日）"
"2023","Ｊ１","第２８節第１日","09/23(土・祝)","","FC東京","vs","鳥栖","味スタ"," ","ＤＡＺＮ"
"2023","Ｊ１","第２８節第１日","09/23(土・祝)","","湘南","vs","川崎Ｆ","国立"," ","ＤＡＺＮ　９／２３（土・祝）　ｏｒ　９／２４（日）"
"2023","Ｊ１","第２８節第１日","09/23(土・祝)","","新潟","vs","横浜FC","デンカＳ"," ","ＤＡＺＮ　９／２３（土・祝）　ｏｒ　９／２４（日）"
"2023","Ｊ１","第２８節第１日","09/23(土・祝)","","名古屋","vs","札幌","豊田ス"," ","ＤＡＺＮ　９／２３（土・祝）　ｏｒ　９／２４（日）"
"2023","Ｊ１","第２８節第１日","09/23(土・祝)","","京都","vs","広島","サンガＳ"," ","ＤＡＺＮ　９／２３（土・祝）　ｏｒ　９／２４（日）"
"2023","Ｊ１","第２８節第１日","09/23(土・祝)","","Ｇ大阪","vs","浦和","パナスタ"," ","ＤＡＺＮ　９／２３（土・祝）　ｏｒ　９／２４（日）"
"2023","Ｊ１","第２８節第１日","09/23(土・祝)","","神戸","vs","Ｃ大阪","ノエスタ"," ","ＤＡＺＮ　９／２３（土・祝）　ｏｒ　９／２４（日）"
"2023","Ｊ２","第３６節第１日","09/23(土・祝)","","秋田","vs","山形","ソユスタ"," ","ＤＡＺＮ"
"2023","Ｊ２","第３６節第１日","09/23(土・祝)","","いわき","vs","金沢","いわきＧ"," ","ＤＡＺＮ"
"2023","Ｊ２","第３６節第１日","09/23(土・祝)","","水戸","vs","大分","Ｋｓスタ"," ","ＤＡＺＮ"
"2023","Ｊ２","第３６節第１日","09/23(土・祝)","","千葉","vs","仙台","フクアリ"," ","ＤＡＺＮ"
"2023","Ｊ２","第３６節第１日","09/23(土・祝)","","清水","vs","甲府","アイスタ"," ","ＤＡＺＮ　９／２３（土・祝）　ｏｒ　９／２４（日）"
"2023","Ｊ２","第３６節第１日","09/23(土・祝)","","山口","vs","群馬","みらスタ"," ","ＤＡＺＮ"
"2023","Ｊ２","第３６節第１日","09/23(土・祝)","","長崎","vs","町田","トラスタ"," ","ＤＡＺＮ"
"2023","Ｊ３","第２８節第１日","09/23(土・祝)","","岩手","vs","宮崎","いわスタ"," ","ＤＡＺＮ"
"2023","Ｊ３","第２８節第１日","09/23(土・祝)","","長野","vs","富山","長野Ｕ"," ","ＤＡＺＮ"
"2023","Ｊ３","第２８節第１日","09/23(土・祝)","","奈良","vs","琉球","ロートＦ"," ","ＤＡＺＮ"
"2023","Ｊ３","第２８節第１日","09/23(土・祝)","","愛媛","vs","鹿児島","ニンスタ"," ","ＤＡＺＮ"
"2023","Ｊ３","第２８節第１日","09/23(土・祝)","","今治","vs","八戸","里山Ｓ"," ","ＤＡＺＮ"
"2023","Ｊ２","第３６節第２日","09/24(日)","","東京Ｖ","vs","藤枝","味スタ"," ","ＤＡＺＮ"
"2023","Ｊ２","第３６節第２日","09/24(日)","","岡山","vs","磐田","Ｃスタ"," ","ＤＡＺＮ"
"2023","Ｊ２","第３６節第２日","09/24(日)","","徳島","vs","大宮","鳴門大塚"," ","ＤＡＺＮ"
"2023","Ｊ２","第３６節第２日","09/24(日)","","熊本","vs","栃木","えがおＳ"," ","ＤＡＺＮ"
"2023","Ｊ３","第２８節第２日","09/24(日)","","福島","vs","相模原","とうスタ"," ","ＤＡＺＮ"
"2023","Ｊ３","第２８節第２日","09/24(日)","","松本","vs","岐阜","サンアル"," ","ＤＡＺＮ"
"2023","Ｊ３","第２８節第２日","09/24(日)","","沼津","vs","鳥取","愛鷹"," ","ＤＡＺＮ"
"2023","Ｊ３","第２８節第２日","09/24(日)","","FC大阪","vs","北九州","花園"," ","ＤＡＺＮ"
"2023","Ｊ３","第２８節第２日","09/24(日)","","讃岐","vs","YS横浜","ピカスタ"," ","ＤＡＺＮ"
"2023","Ｊ１","第２９節第１日","09/30(土)","","札幌","vs","柏","札幌ド"," ","ＤＡＺＮ　９／３０（土）　ｏｒ　１０／１（日）"
"2023","Ｊ１","第２９節第１日","09/30(土)","","浦和","vs","横浜FC","埼玉"," ","ＤＡＺＮ　９／２９（金）　ｏｒ　９／３０（土）　※４　ＡＦＣチャンピオンズリーグ２０２３／２０２４に出場しなかったチームの試合は、１０／１（日）に開催する可能性があります"
"2023","Ｊ１","第２９節第１日","09/30(土)","","FC東京","vs","Ｇ大阪","味スタ"," ","ＤＡＺＮ　９／３０（土）　ｏｒ　１０／１（日）"
"2023","Ｊ１","第２９節第１日","09/30(土)","","川崎Ｆ","vs","新潟","等々力"," ","ＤＡＺＮ　９／２９（金）　ｏｒ　９／３０（土）"
"2023","Ｊ１","第２９節第１日","09/30(土)","","横浜FM","vs","神戸","日産ス"," ","ＤＡＺＮ　９／２９（金）　ｏｒ　９／３０（土）"
"2023","Ｊ１","第２９節第１日","09/30(土)","","Ｃ大阪","vs","湘南","ヨドコウ"," ","ＤＡＺＮ　９／３０（土）　ｏｒ　１０／１（日）"
"2023","Ｊ１","第２９節第１日","09/30(土)","","広島","vs","名古屋","Ｅスタ"," ","ＤＡＺＮ　９／２９（金）　ｏｒ　９／３０（土）　※４　ＡＦＣチャンピオンズリーグ２０２３／２０２４に出場しなかったチームの試合は、１０／１（日）に開催する可能性があります"
"2023","Ｊ１","第２９節第１日","09/30(土)","","福岡","vs","鹿島","ベススタ"," ","ＤＡＺＮ　９／３０（土）　ｏｒ　１０／１（日）"
"2023","Ｊ１","第２９節第１日","09/30(土)","","鳥栖","vs","京都","駅スタ"," ","ＤＡＺＮ　９／３０（土）　ｏｒ　１０／１（日）"
"2023","Ｊ２","第３７節第１日","09/30(土)","","仙台","vs","熊本","ユアスタ"," ","ＤＡＺＮ　９／３０（土）　ｏｒ　１０／１（日）"
"2023","Ｊ２","第３７節第１日","09/30(土)","","甲府","vs","水戸","ＪＩＴス"," ","ＤＡＺＮ　９／２９（金）　ｏｒ　９／３０（土）"
"2023","Ｊ２","第３７節第１日","09/30(土)","","藤枝","vs","清水","藤枝サ"," ","ＤＡＺＮ"
"2023","Ｊ２","第３７節第１日","09/30(土)","","大分","vs","大宮","レゾド"," ","ＤＡＺＮ"
"2023","Ｊ３","第２９節第１日","09/30(土)","","八戸","vs","松本","プラスタ"," ","ＤＡＺＮ"
"2023","Ｊ３","第２９節第１日","09/30(土)","","相模原","vs","北九州","ギオンス"," ","ＤＡＺＮ"
"2023","Ｊ３","第２９節第１日","09/30(土)","","琉球","vs","長野","タピスタ"," ","ＤＡＺＮ"
"2023","Ｊ２","第３７節第２日","10/01(日)","","山形","vs","徳島","ＮＤスタ"," ","ＤＡＺＮ"
"2023","Ｊ２","第３７節第２日","10/01(日)","","栃木","vs","秋田","栃木グ"," ","ＤＡＺＮ"
"2023","Ｊ２","第３７節第２日","10/01(日)","","群馬","vs","東京Ｖ","正田スタ"," ","ＤＡＺＮ"
"2023","Ｊ２","第３７節第２日","10/01(日)","","町田","vs","いわき","Ｇスタ"," ","ＤＡＺＮ"
"2023","Ｊ２","第３７節第２日","10/01(日)","","磐田","vs","長崎","ヤマハ"," ","ＤＡＺＮ"
"2023","Ｊ２","第３７節第２日","10/01(日)","","岡山","vs","千葉","Ｃスタ"," ","ＤＡＺＮ"
"2023","Ｊ２","第３７節第２日","10/01(日)","","山口","vs","金沢","●未定●"," ","ＤＡＺＮ"
"2023","Ｊ３","第２９節第２日","10/01(日)","","富山","vs","愛媛","富山"," ","ＤＡＺＮ"
"2023","Ｊ３","第２９節第２日","10/01(日)","","沼津","vs","岩手","愛鷹"," ","ＤＡＺＮ"
"2023","Ｊ３","第２９節第２日","10/01(日)","","岐阜","vs","福島","長良川"," ","ＤＡＺＮ"
"2023","Ｊ３","第２９節第２日","10/01(日)","","鳥取","vs","今治","ヤジン"," ","ＤＡＺＮ"
"2023","Ｊ３","第２９節第２日","10/01(日)","","讃岐","vs","FC大阪","ピカスタ"," ","ＤＡＺＮ"
"2023","Ｊ３","第２９節第２日","10/01(日)","","宮崎","vs","奈良","ユニスタ"," ","ＤＡＺＮ"
"2023","Ｊ３","第２９節第２日","10/01(日)","","鹿児島","vs","YS横浜","白波スタ"," ","ＤＡＺＮ"
"2023","Ｊ２","第３８節第１日","10/07(土)","","大宮","vs","山口","ＮＡＣＫ"," ","ＤＡＺＮ"
"2023","Ｊ２","第３８節第１日","10/07(土)","","東京Ｖ","vs","大分","味スタ"," ","ＤＡＺＮ"
"2023","Ｊ２","第３８節第１日","10/07(土)","","清水","vs","磐田","アイスタ"," ","ＤＡＺＮ"
"2023","Ｊ２","第３８節第１日","10/07(土)","","長崎","vs","藤枝","トラスタ"," ","ＤＡＺＮ"
"2023","Ｊ３","第３０節第１日","10/07(土)","","琉球","vs","讃岐","タピスタ"," ","ＤＡＺＮ"
"2023","Ｊ２","第３８節第２日","10/08(日)","","山形","vs","栃木","ＮＤスタ"," ","ＤＡＺＮ"
"2023","Ｊ２","第３８節第２日","10/08(日)","","いわき","vs","仙台","いわきＧ"," ","ＤＡＺＮ"
"2023","Ｊ２","第３８節第２日","10/08(日)","","群馬","vs","岡山","正田スタ"," ","ＤＡＺＮ"
"2023","Ｊ２","第３８節第２日","10/08(日)","","千葉","vs","水戸","フクアリ"," ","ＤＡＺＮ"
"2023","Ｊ２","第３８節第２日","10/08(日)","","町田","vs","甲府","Ｇスタ"," ","ＤＡＺＮ"
"2023","Ｊ２","第３８節第２日","10/08(日)","","金沢","vs","秋田","石川西部"," ","ＤＡＺＮ"
"2023","Ｊ２","第３８節第２日","10/08(日)","","徳島","vs","熊本","鳴門大塚"," ","ＤＡＺＮ"
"2023","Ｊ３","第３０節第２日","10/08(日)","","福島","vs","今治","とうスタ"," ","ＤＡＺＮ"
"2023","Ｊ３","第３０節第２日","10/08(日)","","YS横浜","vs","奈良","ニッパツ"," ","ＤＡＺＮ"
"2023","Ｊ３","第３０節第２日","10/08(日)","","松本","vs","岩手","サンアル"," ","ＤＡＺＮ"
"2023","Ｊ３","第３０節第２日","10/08(日)","","長野","vs","八戸","長野Ｕ"," ","ＤＡＺＮ"
"2023","Ｊ３","第３０節第２日","10/08(日)","","岐阜","vs","沼津","長良川"," ","ＤＡＺＮ"
"2023","Ｊ３","第３０節第２日","10/08(日)","","鳥取","vs","相模原","ヤジン"," ","ＤＡＺＮ"
"2023","Ｊ３","第３０節第２日","10/08(日)","","愛媛","vs","宮崎","ニンスタ"," ","ＤＡＺＮ"
"2023","Ｊ３","第３０節第２日","10/08(日)","","北九州","vs","富山","ミクスタ"," ","ＤＡＺＮ"
"2023","Ｊ３","第３１節第１日","10/14(土)","","岩手","vs","琉球","北上"," ","ＤＡＺＮ"
"2023","Ｊ３","第３１節第１日","10/14(土)","","奈良","vs","福島","ロートＦ"," ","ＤＡＺＮ"
"2023","Ｊ３","第３１節第２日","10/15(日)","","八戸","vs","鹿児島","プラスタ"," ","ＤＡＺＮ"
"2023","Ｊ３","第３１節第２日","10/15(日)","","松本","vs","長野","サンアル"," ","ＤＡＺＮ"
"2023","Ｊ３","第３１節第２日","10/15(日)","","富山","vs","沼津","富山"," ","ＤＡＺＮ"
"2023","Ｊ３","第３１節第２日","10/15(日)","","FC大阪","vs","岐阜","花園"," ","ＤＡＺＮ"
"2023","Ｊ３","第３１節第２日","10/15(日)","","讃岐","vs","鳥取","ピカスタ"," ","ＤＡＺＮ"
"2023","Ｊ３","第３１節第２日","10/15(日)","","愛媛","vs","北九州","ニンスタ"," ","ＤＡＺＮ"
"2023","Ｊ３","第３１節第２日","10/15(日)","","今治","vs","YS横浜","里山Ｓ"," ","ＤＡＺＮ"
"2023","Ｊ３","第３１節第２日","10/15(日)","","宮崎","vs","相模原","ユニスタ"," ","ＤＡＺＮ"
"2023","Ｊ２","第３９節第１日","10/20(金)","","甲府","vs","長崎","ＪＩＴス"," ","ＤＡＺＮ"
"2023","Ｊ１","第３０節第１日","10/21(土)","","浦和","vs","柏","埼玉"," ","ＤＡＺＮ　１０／２０（金）　ｏｒ　１０／２１（土）　※５　ＡＦＣチャンピオンズリーグ２０２３／２０２４に出場しなかったチームの試合は、１０／２２（日）に開催する可能性があります"
"2023","Ｊ１","第３０節第１日","10/21(土)","","川崎Ｆ","vs","福岡","等々力"," ","ＤＡＺＮ　１０／２０（金）　ｏｒ　１０／２１（土）"
"2023","Ｊ１","第３０節第１日","10/21(土)","","横浜FM","vs","札幌","日産ス"," ","ＤＡＺＮ　１０／２０（金）　ｏｒ　１０／２１（土）"
"2023","Ｊ１","第３０節第１日","10/21(土)","","横浜FC","vs","FC東京","ニッパツ"," ","ＤＡＺＮ　１０／２１（土）　ｏｒ　１０／２２（日）"
"2023","Ｊ１","第３０節第１日","10/21(土)","","新潟","vs","鳥栖","デンカＳ"," ","ＤＡＺＮ　１０／２１（土）　ｏｒ　１０／２２（日）"
"2023","Ｊ１","第３０節第１日","10/21(土)","","京都","vs","湘南","サンガＳ"," ","ＤＡＺＮ　１０／２１（土）　ｏｒ　１０／２２（日）"
"2023","Ｊ１","第３０節第１日","10/21(土)","","Ｇ大阪","vs","名古屋","パナスタ"," ","ＤＡＺＮ　１０／２１（土）　ｏｒ　１０／２２（日）"
"2023","Ｊ１","第３０節第１日","10/21(土)","","神戸","vs","鹿島","国立"," ","ＤＡＺＮ　１０／２１（土）　ｏｒ　１０／２２（日）"
"2023","Ｊ１","第３０節第１日","10/21(土)","","広島","vs","Ｃ大阪","Ｅスタ"," ","ＤＡＺＮ　１０／２０（金）　ｏｒ　１０／２１（土）　※５　ＡＦＣチャンピオンズリーグ２０２３／２０２４に出場しなかったチームの試合は、１０／２２（日）に開催する可能性があります"
"2023","Ｊ２","第３９節第２日","10/21(土)","","いわき","vs","清水","いわきＧ"," ","ＤＡＺＮ"
"2023","Ｊ３","第３２節第１日","10/21(土)","","相模原","vs","愛媛","ギオンス"," ","ＤＡＺＮ"
"2023","Ｊ３","第３２節第１日","10/21(土)","","琉球","vs","今治","タピスタ"," ","ＤＡＺＮ"
"2023","Ｊ２","第３９節第３日","10/22(日)","","秋田","vs","仙台","ソユスタ"," ","ＤＡＺＮ"
"2023","Ｊ２","第３９節第３日","10/22(日)","","水戸","vs","群馬","Ｋｓスタ"," ","ＤＡＺＮ"
"2023","Ｊ２","第３９節第３日","10/22(日)","","栃木","vs","大分","カンセキ"," ","ＤＡＺＮ"
"2023","Ｊ２","第３９節第３日","10/22(日)","","東京Ｖ","vs","千葉","味スタ"," ","ＤＡＺＮ"
"2023","Ｊ２","第３９節第３日","10/22(日)","","金沢","vs","山形","石川西部"," ","ＤＡＺＮ"
"2023","Ｊ２","第３９節第３日","10/22(日)","","藤枝","vs","大宮","藤枝サ"," ","ＤＡＺＮ"
"2023","Ｊ２","第３９節第３日","10/22(日)","","山口","vs","岡山","みらスタ"," ","ＤＡＺＮ"
"2023","Ｊ２","第３９節第３日","10/22(日)","","徳島","vs","磐田","鳴門大塚"," ","ＤＡＺＮ"
"2023","Ｊ２","第３９節第３日","10/22(日)","","熊本","vs","町田","えがおＳ"," ","ＤＡＺＮ"
"2023","Ｊ３","第３２節第２日","10/22(日)","","福島","vs","八戸","とうスタ"," ","ＤＡＺＮ"
"2023","Ｊ３","第３２節第２日","10/22(日)","","YS横浜","vs","宮崎","ニッパツ"," ","ＤＡＺＮ"
"2023","Ｊ３","第３２節第２日","10/22(日)","","長野","vs","FC大阪","長野Ｕ"," ","ＤＡＺＮ"
"2023","Ｊ３","第３２節第２日","10/22(日)","","沼津","vs","松本","愛鷹"," ","ＤＡＺＮ"
"2023","Ｊ３","第３２節第２日","10/22(日)","","岐阜","vs","奈良","長良川"," ","ＤＡＺＮ"
"2023","Ｊ３","第３２節第２日","10/22(日)","","鳥取","vs","富山","Ａｘｉｓ"," ","ＤＡＺＮ"
"2023","Ｊ３","第３２節第２日","10/22(日)","","讃岐","vs","北九州","ピカスタ"," ","ＤＡＺＮ"
"2023","Ｊ３","第３２節第２日","10/22(日)","","鹿児島","vs","岩手","白波スタ"," ","ＤＡＺＮ"
"2023","Ｊ１","第３１節第１日","10/28(土)","","札幌","vs","横浜FC","札幌ド"," ","ＤＡＺＮ　１０／２８（土）　ｏｒ　１０／２９（日）"
"2023","Ｊ１","第３１節第１日","10/28(土)","","鹿島","vs","浦和","カシマ"," ","ＤＡＺＮ　１０／２８（土）　ｏｒ　１０／２９（日）"
"2023","Ｊ１","第３１節第１日","10/28(土)","","柏","vs","川崎Ｆ","三協Ｆ柏"," ","ＤＡＺＮ　１０／２８（土）　ｏｒ　１０／２９（日）"
"2023","Ｊ１","第３１節第１日","10/28(土)","","FC東京","vs","広島","味スタ"," ","ＤＡＺＮ　１０／２８（土）　ｏｒ　１０／２９（日）"
"2023","Ｊ１","第３１節第１日","10/28(土)","","湘南","vs","神戸","レモンＳ"," ","ＤＡＺＮ　１０／２８（土）　ｏｒ　１０／２９（日）"
"2023","Ｊ１","第３１節第１日","10/28(土)","","名古屋","vs","鳥栖","●未定●"," ","ＤＡＺＮ　１０／２８（土）　ｏｒ　１０／２９（日）"
"2023","Ｊ１","第３１節第１日","10/28(土)","","京都","vs","新潟","サンガＳ"," ","ＤＡＺＮ　１０／２８（土）　ｏｒ　１０／２９（日）"
"2023","Ｊ１","第３１節第１日","10/28(土)","","Ｃ大阪","vs","Ｇ大阪","ヨドコウ"," ","ＤＡＺＮ　１０／２８（土）　ｏｒ　１０／２９（日）"
"2023","Ｊ１","第３１節第１日","10/28(土)","","福岡","vs","横浜FM","ベススタ"," ","ＤＡＺＮ　１０／２８（土）　ｏｒ　１０／２９（日）"
"2023","Ｊ２","第４０節第１日","10/28(土)","","仙台","vs","山口","ユアスタ"," ","ＤＡＺＮ　１０／２８（土）　ｏｒ　１０／２９（日）"
"2023","Ｊ２","第４０節第１日","10/28(土)","","清水","vs","熊本","アイスタ"," ","ＤＡＺＮ"
"2023","Ｊ２","第４０節第１日","10/28(土)","","磐田","vs","東京Ｖ","ヤマハ"," ","ＤＡＺＮ"
"2023","Ｊ２","第４０節第１日","10/28(土)","","藤枝","vs","水戸","藤枝サ"," ","ＤＡＺＮ"
"2023","Ｊ２","第４０節第１日","10/28(土)","","長崎","vs","徳島","トラスタ"," ","ＤＡＺＮ"
"2023","Ｊ３","第３３節第１日","10/28(土)","","相模原","vs","松本","ギオンス"," ","ＤＡＺＮ"
"2023","Ｊ３","第３３節第１日","10/28(土)","","FC大阪","vs","鳥取","花園"," ","ＤＡＺＮ"
"2023","Ｊ３","第３３節第１日","10/28(土)","","奈良","vs","愛媛","ロートＦ"," ","ＤＡＺＮ"
"2023","Ｊ２","第４０節第２日","10/29(日)","","山形","vs","群馬","ＮＤスタ"," ","ＤＡＺＮ"
"2023","Ｊ２","第４０節第２日","10/29(日)","","大宮","vs","甲府","ＮＡＣＫ"," ","ＤＡＺＮ"
"2023","Ｊ２","第４０節第２日","10/29(日)","","千葉","vs","いわき","フクアリ"," ","ＤＡＺＮ"
"2023","Ｊ２","第４０節第２日","10/29(日)","","町田","vs","金沢","Ｇスタ"," ","ＤＡＺＮ"
"2023","Ｊ２","第４０節第２日","10/29(日)","","岡山","vs","栃木","Ｃスタ"," ","ＤＡＺＮ"
"2023","Ｊ２","第４０節第２日","10/29(日)","","大分","vs","秋田","レゾド"," ","ＤＡＺＮ"
"2023","Ｊ３","第３３節第２日","10/29(日)","","八戸","vs","讃岐","プラスタ"," ","ＤＡＺＮ"
"2023","Ｊ３","第３３節第２日","10/29(日)","","福島","vs","鹿児島","とうスタ"," ","ＤＡＺＮ"
"2023","Ｊ３","第３３節第２日","10/29(日)","","長野","vs","沼津","長野Ｕ"," ","ＤＡＺＮ"
"2023","Ｊ３","第３３節第２日","10/29(日)","","富山","vs","岐阜","富山"," ","ＤＡＺＮ"
"2023","Ｊ３","第３３節第２日","10/29(日)","","今治","vs","岩手","里山Ｓ"," ","ＤＡＺＮ"
"2023","Ｊ３","第３３節第２日","10/29(日)","","北九州","vs","YS横浜","ミクスタ"," ","ＤＡＺＮ"
"2023","Ｊ３","第３３節第２日","10/29(日)","","宮崎","vs","琉球","ユニスタ"," ","ＤＡＺＮ"
"2023","Ｊ２","第４１節第１日","11/03(金・祝)","","甲府","vs","熊本","ＪＩＴス"," ","ＤＡＺＮ"
"2023","Ｊ２","第４１節第２日","11/04(土)","","いわき","vs","山形","いわきＧ"," ","ＤＡＺＮ"
"2023","Ｊ２","第４１節第２日","11/04(土)","","金沢","vs","大分","石川西部"," ","ＤＡＺＮ"
"2023","Ｊ２","第４１節第２日","11/04(土)","","徳島","vs","藤枝","鳴門大塚"," ","ＤＡＺＮ"
"2023","Ｊ２","第４１節第２日","11/04(土)","","長崎","vs","仙台","トラスタ"," ","ＤＡＺＮ"
"2023","Ｊ３","第３４節第１日","11/04(土)","","岩手","vs","鳥取","北上"," ","ＤＡＺＮ"
"2023","Ｊ３","第３４節第１日","11/04(土)","","岐阜","vs","八戸","長良川"," ","ＤＡＺＮ"
"2023","Ｊ３","第３４節第１日","11/04(土)","","琉球","vs","富山","タピスタ"," ","ＤＡＺＮ"
"2023","Ｊ２","第４１節第３日","11/05(日)","","群馬","vs","千葉","正田スタ"," ","ＤＡＺＮ"
"2023","Ｊ２","第４１節第３日","11/05(日)","","東京Ｖ","vs","栃木","味スタ"," ","ＤＡＺＮ"
"2023","Ｊ２","第４１節第３日","11/05(日)","","岡山","vs","秋田","Ｃスタ"," ","ＤＡＺＮ"
"2023","Ｊ２","第４１節第３日","11/05(日)","","山口","vs","町田","みらスタ"," ","ＤＡＺＮ"
"2023","Ｊ３","第３４節第２日","11/05(日)","","松本","vs","北九州","サンアル"," ","ＤＡＺＮ"
"2023","Ｊ３","第３４節第２日","11/05(日)","","沼津","vs","宮崎","愛鷹"," ","ＤＡＺＮ"
"2023","Ｊ３","第３４節第２日","11/05(日)","","FC大阪","vs","福島","花園"," ","ＤＡＺＮ"
"2023","Ｊ３","第３４節第２日","11/05(日)","","讃岐","vs","長野","ピカスタ"," ","ＤＡＺＮ"
"2023","Ｊ３","第３４節第２日","11/05(日)","","愛媛","vs","YS横浜","ニンスタ"," ","ＤＡＺＮ"
"2023","Ｊ３","第３４節第２日","11/05(日)","","今治","vs","相模原","里山Ｓ"," ","ＤＡＺＮ"
"2023","Ｊ３","第３４節第２日","11/05(日)","","鹿児島","vs","奈良","白波スタ"," ","ＤＡＺＮ"
"2023","Ｊ２","第４１節第４日","11/08(水)","","清水","vs","大宮","アイスタ"," ","ＤＡＺＮ　※３　２０２３ＪリーグＹＢＣルヴァンカップにおいて清水がプライムステージ準決勝以前で敗退した場合、開催日が１１月５日（日）に変更となる可能性があります"
"2023","Ｊ２","第４１節第４日","11/08(水)","","磐田","vs","水戸","ヤマハ"," ","ＤＡＺＮ　※４　２０２３ＪリーグＹＢＣルヴァンカップにおいて磐田がプライムステージ準決勝以前で敗退した場合、開催日が１１月４日（土）に変更となる可能性があります"
"2023","Ｊ１","第３２節第１日","11/11(土)","","札幌","vs","広島","●未定●"," ","ＤＡＺＮ　※６　ＡＦＣチャンピオンズリーグ２０２３／２０２４の日程次第で、１１／１２（日）に開催する可能性があります"
"2023","Ｊ１","第３２節第１日","11/11(土)","","鹿島","vs","柏","カシマ"," ","ＤＡＺＮ"
"2023","Ｊ１","第３２節第１日","11/11(土)","","浦和","vs","神戸","埼玉"," ","ＤＡＺＮ　※６　ＡＦＣチャンピオンズリーグ２０２３／２０２４の日程次第で、１１／１２（日）に開催する可能性があります"
"2023","Ｊ１","第３２節第１日","11/11(土)","","川崎Ｆ","vs","京都","等々力"," ","ＤＡＺＮ　※６　ＡＦＣチャンピオンズリーグ２０２３／２０２４の日程次第で、１１／１２（日）に開催する可能性があります"
"2023","Ｊ１","第３２節第１日","11/11(土)","","横浜FM","vs","Ｃ大阪","日産ス"," ","ＤＡＺＮ　※６　ＡＦＣチャンピオンズリーグ２０２３／２０２４の日程次第で、１１／１２（日）に開催する可能性があります"
"2023","Ｊ１","第３２節第１日","11/11(土)","","湘南","vs","名古屋","レモンＳ"," ","ＤＡＺＮ"
"2023","Ｊ１","第３２節第１日","11/11(土)","","新潟","vs","FC東京","デンカＳ"," ","ＤＡＺＮ"
"2023","Ｊ１","第３２節第１日","11/11(土)","","Ｇ大阪","vs","福岡","パナスタ"," ","ＤＡＺＮ"
"2023","Ｊ１","第３２節第１日","11/11(土)","","鳥栖","vs","横浜FC","駅スタ"," ","ＤＡＺＮ"
"2023","Ｊ３","第３５節第１日","11/11(土)","","YS横浜","vs","沼津","ニッパツ"," ","ＤＡＺＮ"
"2023","Ｊ３","第３５節第１日","11/11(土)","","愛媛","vs","今治","ニンスタ"," ","ＤＡＺＮ"
"2023","Ｊ３","第３５節第１日","11/11(土)","","北九州","vs","岩手","ミクスタ"," ","ＤＡＺＮ"
"2023","Ｊ３","第３５節第１日","11/11(土)","","琉球","vs","鹿児島","タピスタ"," ","ＤＡＺＮ"
"2023","Ｊ２","第４２節第１日","11/12(日)","","仙台","vs","町田","ユアスタ"," ","ＤＡＺＮ"
"2023","Ｊ２","第４２節第１日","11/12(日)","","秋田","vs","徳島","ソユスタ"," ","ＤＡＺＮ"
"2023","Ｊ２","第４２節第１日","11/12(日)","","山形","vs","甲府","ＮＤスタ"," ","ＤＡＺＮ"
"2023","Ｊ２","第４２節第１日","11/12(日)","","水戸","vs","清水","Ｋｓスタ"," ","ＤＡＺＮ"
"2023","Ｊ２","第４２節第１日","11/12(日)","","栃木","vs","磐田","カンセキ"," ","ＤＡＺＮ"
"2023","Ｊ２","第４２節第１日","11/12(日)","","大宮","vs","東京Ｖ","ＮＡＣＫ"," ","ＤＡＺＮ"
"2023","Ｊ２","第４２節第１日","11/12(日)","","千葉","vs","長崎","フクアリ"," ","ＤＡＺＮ"
"2023","Ｊ２","第４２節第１日","11/12(日)","","金沢","vs","岡山","石川西部"," ","ＤＡＺＮ"
"2023","Ｊ２","第４２節第１日","11/12(日)","","藤枝","vs","いわき","藤枝サ"," ","ＤＡＺＮ"
"2023","Ｊ２","第４２節第１日","11/12(日)","","熊本","vs","山口","えがおＳ"," ","ＤＡＺＮ"
"2023","Ｊ２","第４２節第１日","11/12(日)","","大分","vs","群馬","レゾド"," ","ＤＡＺＮ"
"2023","Ｊ３","第３５節第２日","11/12(日)","","福島","vs","松本","とうスタ"," ","ＤＡＺＮ"
"2023","Ｊ３","第３５節第２日","11/12(日)","","相模原","vs","FC大阪","ギオンス"," ","ＤＡＺＮ"
"2023","Ｊ３","第３５節第２日","11/12(日)","","富山","vs","奈良","富山"," ","ＤＡＺＮ"
"2023","Ｊ３","第３５節第２日","11/12(日)","","岐阜","vs","讃岐","長良川"," ","ＤＡＺＮ"
"2023","Ｊ３","第３５節第２日","11/12(日)","","鳥取","vs","長野","Ａｘｉｓ"," ","ＤＡＺＮ"
"2023","Ｊ３","第３５節第２日","11/12(日)","","宮崎","vs","八戸","ユニスタ"," ","ＤＡＺＮ"
"2023","Ｊ３","第３６節第１日","11/18(土)","","松本","vs","YS横浜","サンアル"," ","ＤＡＺＮ"
"2023","Ｊ３","第３６節第１日","11/18(土)","","FC大阪","vs","宮崎","花園"," ","ＤＡＺＮ"
"2023","Ｊ３","第３６節第１日","11/18(土)","","奈良","vs","相模原","ロートＦ"," ","ＤＡＺＮ"
"2023","Ｊ３","第３６節第２日","11/19(日)","","八戸","vs","富山","プラスタ"," ","ＤＡＺＮ"
"2023","Ｊ３","第３６節第２日","11/19(日)","","岩手","vs","岐阜","いわスタ"," ","ＤＡＺＮ"
"2023","Ｊ３","第３６節第２日","11/19(日)","","福島","vs","愛媛","とうスタ"," ","ＤＡＺＮ"
"2023","Ｊ３","第３６節第２日","11/19(日)","","長野","vs","北九州","長野Ｕ"," ","ＤＡＺＮ"
"2023","Ｊ３","第３６節第２日","11/19(日)","","沼津","vs","讃岐","愛鷹"," ","ＤＡＺＮ"
"2023","Ｊ３","第３６節第２日","11/19(日)","","鳥取","vs","琉球","Ａｘｉｓ"," ","ＤＡＺＮ"
"2023","Ｊ３","第３６節第２日","11/19(日)","","今治","vs","鹿児島","里山Ｓ"," ","ＤＡＺＮ"
"2023","Ｊ１","第３３節第１日","11/25(土)","","浦和","vs","福岡","埼玉"," ","ＤＡＺＮ　※７　ＡＦＣチャンピオンズリーグ２０２３／２０２４の日程次第で、１１／２４（金）に開催する可能性があります"
"2023","Ｊ１","第３３節第１日","11/25(土)","","柏","vs","鳥栖","三協Ｆ柏"," ","ＤＡＺＮ"
"2023","Ｊ１","第３３節第１日","11/25(土)","","FC東京","vs","札幌","味スタ"," ","ＤＡＺＮ"
"2023","Ｊ１","第３３節第１日","11/25(土)","","川崎Ｆ","vs","鹿島","等々力"," ","ＤＡＺＮ　※７　ＡＦＣチャンピオンズリーグ２０２３／２０２４の日程次第で、１１／２４（金）に開催する可能性があります"
"2023","Ｊ１","第３３節第１日","11/25(土)","","横浜FM","vs","新潟","日産ス"," ","ＤＡＺＮ　※７　ＡＦＣチャンピオンズリーグ２０２３／２０２４の日程次第で、１１／２４（金）に開催する可能性があります"
"2023","Ｊ１","第３３節第１日","11/25(土)","","横浜FC","vs","湘南","ニッパツ"," ","ＤＡＺＮ"
"2023","Ｊ１","第３３節第１日","11/25(土)","","Ｃ大阪","vs","京都","ヨドコウ"," ","ＤＡＺＮ"
"2023","Ｊ１","第３３節第１日","11/25(土)","","神戸","vs","名古屋","ノエスタ"," ","ＤＡＺＮ"
"2023","Ｊ１","第３３節第１日","11/25(土)","","広島","vs","Ｇ大阪","Ｅスタ"," ","ＤＡＺＮ　※７　ＡＦＣチャンピオンズリーグ２０２３／２０２４の日程次第で、１１／２４（金）に開催する可能性があります"
"2023","Ｊ３","第３７節第１日","11/25(土)","","今治","vs","FC大阪","里山Ｓ"," ","ＤＡＺＮ"
"2023","Ｊ３","第３７節第１日","11/25(土)","","琉球","vs","岐阜","タピスタ"," ","ＤＡＺＮ"
"2023","Ｊ３","第３７節第２日","11/26(日)","","YS横浜","vs","長野","ニッパツ"," ","ＤＡＺＮ"
"2023","Ｊ３","第３７節第２日","11/26(日)","","相模原","vs","岩手","ギオンス"," ","ＤＡＺＮ"
"2023","Ｊ３","第３７節第２日","11/26(日)","","奈良","vs","鳥取","ロートＦ"," ","ＤＡＺＮ"
"2023","Ｊ３","第３７節第２日","11/26(日)","","讃岐","vs","松本","ピカスタ"," ","ＤＡＺＮ"
"2023","Ｊ３","第３７節第２日","11/26(日)","","愛媛","vs","八戸","ニンスタ"," ","ＤＡＺＮ"
"2023","Ｊ３","第３７節第２日","11/26(日)","","北九州","vs","福島","ミクスタ"," ","ＤＡＺＮ"
"2023","Ｊ３","第３７節第２日","11/26(日)","","宮崎","vs","富山","ユニスタ"," ","ＤＡＺＮ"
"2023","Ｊ３","第３７節第２日","11/26(日)","","鹿児島","vs","沼津","白波スタ"," ","ＤＡＺＮ"
"2023","Ｊ３","第３８節第１日","12/02(土)","","八戸","vs","相模原","プラスタ"," ","ＤＡＺＮ"
"2023","Ｊ３","第３８節第１日","12/02(土)","","岩手","vs","讃岐","いわスタ"," ","ＤＡＺＮ"
"2023","Ｊ３","第３８節第１日","12/02(土)","","福島","vs","琉球","とうスタ"," ","ＤＡＺＮ"
"2023","Ｊ３","第３８節第１日","12/02(土)","","松本","vs","奈良","サンアル"," ","ＤＡＺＮ"
"2023","Ｊ３","第３８節第１日","12/02(土)","","長野","vs","宮崎","長野Ｕ"," ","ＤＡＺＮ"
"2023","Ｊ３","第３８節第１日","12/02(土)","","富山","vs","YS横浜","富山"," ","ＤＡＺＮ"
"2023","Ｊ３","第３８節第１日","12/02(土)","","沼津","vs","今治","愛鷹"," ","ＤＡＺＮ"
"2023","Ｊ３","第３８節第１日","12/02(土)","","岐阜","vs","北九州","長良川"," ","ＤＡＺＮ"
"2023","Ｊ３","第３８節第１日","12/02(土)","","FC大阪","vs","愛媛","●未定●"," ","ＤＡＺＮ"
"2023","Ｊ３","第３８節第１日","12/02(土)","","鳥取","vs","鹿児島","Ａｘｉｓ"," ","ＤＡＺＮ"
"2023","Ｊ１","第３４節第１日","12/03(日)","","札幌","vs","浦和","札幌ド"," ","ＤＡＺＮ"
"2023","Ｊ１","第３４節第１日","12/03(日)","","鹿島","vs","横浜FC","カシマ"," ","ＤＡＺＮ"
"2023","Ｊ１","第３４節第１日","12/03(日)","","湘南","vs","FC東京","レモンＳ"," ","ＤＡＺＮ"
"2023","Ｊ１","第３４節第１日","12/03(日)","","新潟","vs","Ｃ大阪","デンカＳ"," ","ＤＡＺＮ"
"2023","Ｊ１","第３４節第１日","12/03(日)","","名古屋","vs","柏","●未定●"," ","ＤＡＺＮ"
"2023","Ｊ１","第３４節第１日","12/03(日)","","京都","vs","横浜FM","サンガＳ"," ","ＤＡＺＮ"
"2023","Ｊ１","第３４節第１日","12/03(日)","","Ｇ大阪","vs","神戸","パナスタ"," ","ＤＡＺＮ"
"2023","Ｊ１","第３４節第１日","12/03(日)","","福岡","vs","広島","ベススタ"," ","ＤＡＺＮ"
"2023","Ｊ１","第３４節第１日","12/03(日)","","鳥栖","vs","川崎Ｆ","駅スタ"," ","ＤＡＺＮ"
"2023","Ｊ２","第２６節第３日","未定","","熊本","vs","大分","●未定●"," ","ＤＡＺＮ"
"2023","Ｊ３","第３０節第３日","未定","","FC大阪","vs","鹿児島","●未定●"," ","ＤＡＺＮ"
